pair_id,system_id,assay_id,construct_i,construct_j,y_i,y_j,delta,rank_direction,uncertainty,tie,study,endpoint,rank_direction_source,architecture_i,architecture_j,same_system,comparable_assay,training_status
PAIR00001,SYS0002,V2_in_vitro_trehalose_production,P1_TGT035_FL15,P1_TGT035_FL20,0.04264433740849372,0.15055967657538138,-0.10791533916688767,J_GT_I,UNCERTAINTY_NOT_REPORTED,false,STUDY_TGT035,trehalose_titer_ratio,J_GT_I,intermolecular recruitment|Ct/Cc cohesin-dockerin|Ct/Cc cohesin-dockerin|COHESIN_DOCKERIN,intermolecular recruitment|Ct/Cc cohesin-dockerin|Ct/Cc cohesin-dockerin|COHESIN_DOCKERIN,True,True,ARCHITECTURE_PRIOR_ELIGIBLE_NON_TIE
PAIR00002,SYS0002,V2_in_vitro_trehalose_production,P1_TGT035_FL15,P1_TGT035_MFL15,0.04264433740849372,0.21412480535284734,-0.17148046794435362,J_GT_I,UNCERTAINTY_NOT_REPORTED,false,STUDY_TGT035,trehalose_titer_ratio,J_GT_I,intermolecular recruitment|Ct/Cc cohesin-dockerin|Ct/Cc cohesin-dockerin|COHESIN_DOCKERIN,intermolecular recruitment|Ct/Cc cohesin-dockerin|Ct/Cc cohesin-dockerin|COHESIN_DOCKERIN,True,True,ARCHITECTURE_PRIOR_ELIGIBLE_NON_TIE
PAIR00003,SYS0002,V2_in_vitro_trehalose_production,P1_TGT035_FL15,P1_TGT035_MFL20,0.04264433740849372,0.22650852980867975,-0.18386419240018603,J_GT_I,UNCERTAINTY_NOT_REPORTED,false,STUDY_TGT035,trehalose_titer_ratio,J_GT_I,intermolecular recruitment|Ct/Cc cohesin-dockerin|Ct/Cc cohesin-dockerin|COHESIN_DOCKERIN,intermolecular recruitment|Ct/Cc cohesin-dockerin|Ct/Cc cohesin-dockerin|COHESIN_DOCKERIN,True,True,ARCHITECTURE_PRIOR_ELIGIBLE_NON_TIE
PAIR00004,SYS0002,V2_in_vitro_trehalose_production,P1_TGT035_FL15,P1_TGT035_MRL20,0.04264433740849372,0.014355292977070054,0.028289044431423667,I_GT_J,UNCERTAINTY_NOT_REPORTED,false,STUDY_TGT035,trehalose_titer_ratio,I_GT_J,intermolecular recruitment|Ct/Cc cohesin-dockerin|Ct/Cc cohesin-dockerin|COHESIN_DOCKERIN,intermolecular recruitment|Ct/Cc cohesin-dockerin|Ct/Cc cohesin-dockerin|COHESIN_DOCKERIN,True,True,ARCHITECTURE_PRIOR_ELIGIBLE_NON_TIE
PAIR00005,SYS0002,V2_in_vitro_trehalose_production,P1_TGT035_FL15,P1_TGT035_MRL25,0.04264433740849372,0.02856915219677092,0.014075185211722803,I_GT_J,UNCERTAINTY_NOT_REPORTED,false,STUDY_TGT035,trehalose_titer_ratio,I_GT_J,intermolecular recruitment|Ct/Cc cohesin-dockerin|Ct/Cc cohesin-dockerin|COHESIN_DOCKERIN,intermolecular recruitment|Ct/Cc cohesin-dockerin|Ct/Cc cohesin-dockerin|COHESIN_DOCKERIN,True,True,ARCHITECTURE_PRIOR_ELIGIBLE_NON_TIE
PAIR00006,SYS0002,V2_in_vitro_trehalose_production,P1_TGT035_FL15,P1_TGT035_RL15,0.04264433740849372,0.056583528366367514,-0.013939190957873791,J_GT_I,UNCERTAINTY_NOT_REPORTED,false,STUDY_TGT035,trehalose_titer_ratio,J_GT_I,intermolecular recruitment|Ct/Cc cohesin-dockerin|Ct/Cc cohesin-dockerin|COHESIN_DOCKERIN,intermolecular recruitment|Ct/Cc cohesin-dockerin|Ct/Cc cohesin-dockerin|COHESIN_DOCKERIN,True,True,ARCHITECTURE_PRIOR_ELIGIBLE_NON_TIE
PAIR00008,SYS0002,V2_in_vitro_trehalose_production,P1_TGT035_FL20,P1_TGT035_MFL15,0.15055967657538138,0.21412480535284734,-0.06356512877746595,J_GT_I,UNCERTAINTY_NOT_REPORTED,false,STUDY_TGT035,trehalose_titer_ratio,J_GT_I,intermolecular recruitment|Ct/Cc cohesin-dockerin|Ct/Cc cohesin-dockerin|COHESIN_DOCKERIN,intermolecular recruitment|Ct/Cc cohesin-dockerin|Ct/Cc cohesin-dockerin|COHESIN_DOCKERIN,True,True,ARCHITECTURE_PRIOR_ELIGIBLE_NON_TIE
PAIR00009,SYS0002,V2_in_vitro_trehalose_production,P1_TGT035_FL20,P1_TGT035_MFL20,0.15055967657538138,0.22650852980867975,-0.07594885323329836,J_GT_I,UNCERTAINTY_NOT_REPORTED,false,STUDY_TGT035,trehalose_titer_ratio,J_GT_I,intermolecular recruitment|Ct/Cc cohesin-dockerin|Ct/Cc cohesin-dockerin|COHESIN_DOCKERIN,intermolecular recruitment|Ct/Cc cohesin-dockerin|Ct/Cc cohesin-dockerin|COHESIN_DOCKERIN,True,True,ARCHITECTURE_PRIOR_ELIGIBLE_NON_TIE
PAIR00010,SYS0002,V2_in_vitro_trehalose_production,P1_TGT035_FL20,P1_TGT035_MRL20,0.15055967657538138,0.014355292977070054,0.13620438359831133,I_GT_J,UNCERTAINTY_NOT_REPORTED,false,STUDY_TGT035,trehalose_titer_ratio,I_GT_J,intermolecular recruitment|Ct/Cc cohesin-dockerin|Ct/Cc cohesin-dockerin|COHESIN_DOCKERIN,intermolecular recruitment|Ct/Cc cohesin-dockerin|Ct/Cc cohesin-dockerin|COHESIN_DOCKERIN,True,True,ARCHITECTURE_PRIOR_ELIGIBLE_NON_TIE
PAIR00011,SYS0002,V2_in_vitro_trehalose_production,P1_TGT035_FL20,P1_TGT035_MRL25,0.15055967657538138,0.02856915219677092,0.12199052437861047,I_GT_J,UNCERTAINTY_NOT_REPORTED,false,STUDY_TGT035,trehalose_titer_ratio,I_GT_J,intermolecular recruitment|Ct/Cc cohesin-dockerin|Ct/Cc cohesin-dockerin|COHESIN_DOCKERIN,intermolecular recruitment|Ct/Cc cohesin-dockerin|Ct/Cc cohesin-dockerin|COHESIN_DOCKERIN,True,True,ARCHITECTURE_PRIOR_ELIGIBLE_NON_TIE
PAIR00012,SYS0002,V2_in_vitro_trehalose_production,P1_TGT035_FL20,P1_TGT035_RL15,0.15055967657538138,0.056583528366367514,0.09397614820901387,I_GT_J,UNCERTAINTY_NOT_REPORTED,false,STUDY_TGT035,trehalose_titer_ratio,I_GT_J,intermolecular recruitment|Ct/Cc cohesin-dockerin|Ct/Cc cohesin-dockerin|COHESIN_DOCKERIN,intermolecular recruitment|Ct/Cc cohesin-dockerin|Ct/Cc cohesin-dockerin|COHESIN_DOCKERIN,True,True,ARCHITECTURE_PRIOR_ELIGIBLE_NON_TIE
PAIR00013,SYS0002,V2_in_vitro_trehalose_production,P1_TGT035_FL20,P1_TGT035_RL25,0.15055967657538138,0.04264433740849372,0.10791533916688767,I_GT_J,UNCERTAINTY_NOT_REPORTED,false,STUDY_TGT035,trehalose_titer_ratio,I_GT_J,intermolecular recruitment|Ct/Cc cohesin-dockerin|Ct/Cc cohesin-dockerin|COHESIN_DOCKERIN,intermolecular recruitment|Ct/Cc cohesin-dockerin|Ct/Cc cohesin-dockerin|COHESIN_DOCKERIN,True,True,ARCHITECTURE_PRIOR_ELIGIBLE_NON_TIE
PAIR00014,SYS0002,V2_in_vitro_trehalose_production,P1_TGT035_MFL15,P1_TGT035_MFL20,0.21412480535284734,0.22650852980867975,-0.012383724455832412,J_GT_I,UNCERTAINTY_NOT_REPORTED,false,STUDY_TGT035,trehalose_titer_ratio,J_GT_I,intermolecular recruitment|Ct/Cc cohesin-dockerin|Ct/Cc cohesin-dockerin|COHESIN_DOCKERIN,intermolecular recruitment|Ct/Cc cohesin-dockerin|Ct/Cc cohesin-dockerin|COHESIN_DOCKERIN,True,True,ARCHITECTURE_PRIOR_ELIGIBLE_NON_TIE
PAIR00015,SYS0002,V2_in_vitro_trehalose_production,P1_TGT035_MFL15,P1_TGT035_MRL20,0.21412480535284734,0.014355292977070054,0.19976951237577728,I_GT_J,UNCERTAINTY_NOT_REPORTED,false,STUDY_TGT035,trehalose_titer_ratio,I_GT_J,intermolecular recruitment|Ct/Cc cohesin-dockerin|Ct/Cc cohesin-dockerin|COHESIN_DOCKERIN,intermolecular recruitment|Ct/Cc cohesin-dockerin|Ct/Cc cohesin-dockerin|COHESIN_DOCKERIN,True,True,ARCHITECTURE_PRIOR_ELIGIBLE_NON_TIE
PAIR00016,SYS0002,V2_in_vitro_trehalose_production,P1_TGT035_MFL15,P1_TGT035_MRL25,0.21412480535284734,0.02856915219677092,0.18555565315607642,I_GT_J,UNCERTAINTY_NOT_REPORTED,false,STUDY_TGT035,trehalose_titer_ratio,I_GT_J,intermolecular recruitment|Ct/Cc cohesin-dockerin|Ct/Cc cohesin-dockerin|COHESIN_DOCKERIN,intermolecular recruitment|Ct/Cc cohesin-dockerin|Ct/Cc cohesin-dockerin|COHESIN_DOCKERIN,True,True,ARCHITECTURE_PRIOR_ELIGIBLE_NON_TIE
PAIR00017,SYS0002,V2_in_vitro_trehalose_production,P1_TGT035_MFL15,P1_TGT035_RL15,0.21412480535284734,0.056583528366367514,0.15754127698647982,I_GT_J,UNCERTAINTY_NOT_REPORTED,false,STUDY_TGT035,trehalose_titer_ratio,I_GT_J,intermolecular recruitment|Ct/Cc cohesin-dockerin|Ct/Cc cohesin-dockerin|COHESIN_DOCKERIN,intermolecular recruitment|Ct/Cc cohesin-dockerin|Ct/Cc cohesin-dockerin|COHESIN_DOCKERIN,True,True,ARCHITECTURE_PRIOR_ELIGIBLE_NON_TIE
PAIR00018,SYS0002,V2_in_vitro_trehalose_production,P1_TGT035_MFL15,P1_TGT035_RL25,0.21412480535284734,0.04264433740849372,0.17148046794435362,I_GT_J,UNCERTAINTY_NOT_REPORTED,false,STUDY_TGT035,trehalose_titer_ratio,I_GT_J,intermolecular recruitment|Ct/Cc cohesin-dockerin|Ct/Cc cohesin-dockerin|COHESIN_DOCKERIN,intermolecular recruitment|Ct/Cc cohesin-dockerin|Ct/Cc cohesin-dockerin|COHESIN_DOCKERIN,True,True,ARCHITECTURE_PRIOR_ELIGIBLE_NON_TIE
PAIR00019,SYS0002,V2_in_vitro_trehalose_production,P1_TGT035_MFL20,P1_TGT035_MRL20,0.22650852980867975,0.014355292977070054,0.2121532368316097,I_GT_J,UNCERTAINTY_NOT_REPORTED,false,STUDY_TGT035,trehalose_titer_ratio,I_GT_J,intermolecular recruitment|Ct/Cc cohesin-dockerin|Ct/Cc cohesin-dockerin|COHESIN_DOCKERIN,intermolecular recruitment|Ct/Cc cohesin-dockerin|Ct/Cc cohesin-dockerin|COHESIN_DOCKERIN,True,True,ARCHITECTURE_PRIOR_ELIGIBLE_NON_TIE
PAIR00020,SYS0002,V2_in_vitro_trehalose_production,P1_TGT035_MFL20,P1_TGT035_MRL25,0.22650852980867975,0.02856915219677092,0.19793937761190883,I_GT_J,UNCERTAINTY_NOT_REPORTED,false,STUDY_TGT035,trehalose_titer_ratio,I_GT_J,intermolecular recruitment|Ct/Cc cohesin-dockerin|Ct/Cc cohesin-dockerin|COHESIN_DOCKERIN,intermolecular recruitment|Ct/Cc cohesin-dockerin|Ct/Cc cohesin-dockerin|COHESIN_DOCKERIN,True,True,ARCHITECTURE_PRIOR_ELIGIBLE_NON_TIE
PAIR00021,SYS0002,V2_in_vitro_trehalose_production,P1_TGT035_MFL20,P1_TGT035_RL15,0.22650852980867975,0.056583528366367514,0.16992500144231223,I_GT_J,UNCERTAINTY_NOT_REPORTED,false,STUDY_TGT035,trehalose_titer_ratio,I_GT_J,intermolecular recruitment|Ct/Cc cohesin-dockerin|Ct/Cc cohesin-dockerin|COHESIN_DOCKERIN,intermolecular recruitment|Ct/Cc cohesin-dockerin|Ct/Cc cohesin-dockerin|COHESIN_DOCKERIN,True,True,ARCHITECTURE_PRIOR_ELIGIBLE_NON_TIE
PAIR00022,SYS0002,V2_in_vitro_trehalose_production,P1_TGT035_MFL20,P1_TGT035_RL25,0.22650852980867975,0.04264433740849372,0.18386419240018603,I_GT_J,UNCERTAINTY_NOT_REPORTED,false,STUDY_TGT035,trehalose_titer_ratio,I_GT_J,intermolecular recruitment|Ct/Cc cohesin-dockerin|Ct/Cc cohesin-dockerin|COHESIN_DOCKERIN,intermolecular recruitment|Ct/Cc cohesin-dockerin|Ct/Cc cohesin-dockerin|COHESIN_DOCKERIN,True,True,ARCHITECTURE_PRIOR_ELIGIBLE_NON_TIE
PAIR00023,SYS0002,V2_in_vitro_trehalose_production,P1_TGT035_MRL20,P1_TGT035_MRL25,0.014355292977070054,0.02856915219677092,-0.014213859219700866,J_GT_I,UNCERTAINTY_NOT_REPORTED,false,STUDY_TGT035,trehalose_titer_ratio,J_GT_I,intermolecular recruitment|Ct/Cc cohesin-dockerin|Ct/Cc cohesin-dockerin|COHESIN_DOCKERIN,intermolecular recruitment|Ct/Cc cohesin-dockerin|Ct/Cc cohesin-dockerin|COHESIN_DOCKERIN,True,True,ARCHITECTURE_PRIOR_ELIGIBLE_NON_TIE
PAIR00024,SYS0002,V2_in_vitro_trehalose_production,P1_TGT035_MRL20,P1_TGT035_RL15,0.014355292977070054,0.056583528366367514,-0.04222823538929746,J_GT_I,UNCERTAINTY_NOT_REPORTED,false,STUDY_TGT035,trehalose_titer_ratio,J_GT_I,intermolecular recruitment|Ct/Cc cohesin-dockerin|Ct/Cc cohesin-dockerin|COHESIN_DOCKERIN,intermolecular recruitment|Ct/Cc cohesin-dockerin|Ct/Cc cohesin-dockerin|COHESIN_DOCKERIN,True,True,ARCHITECTURE_PRIOR_ELIGIBLE_NON_TIE
PAIR00025,SYS0002,V2_in_vitro_trehalose_production,P1_TGT035_MRL20,P1_TGT035_RL25,0.014355292977070054,0.04264433740849372,-0.028289044431423667,J_GT_I,UNCERTAINTY_NOT_REPORTED,false,STUDY_TGT035,trehalose_titer_ratio,J_GT_I,intermolecular recruitment|Ct/Cc cohesin-dockerin|Ct/Cc cohesin-dockerin|COHESIN_DOCKERIN,intermolecular recruitment|Ct/Cc cohesin-dockerin|Ct/Cc cohesin-dockerin|COHESIN_DOCKERIN,True,True,ARCHITECTURE_PRIOR_ELIGIBLE_NON_TIE
PAIR00026,SYS0002,V2_in_vitro_trehalose_production,P1_TGT035_MRL25,P1_TGT035_RL15,0.02856915219677092,0.056583528366367514,-0.028014376169596594,J_GT_I,UNCERTAINTY_NOT_REPORTED,false,STUDY_TGT035,trehalose_titer_ratio,J_GT_I,intermolecular recruitment|Ct/Cc cohesin-dockerin|Ct/Cc cohesin-dockerin|COHESIN_DOCKERIN,intermolecular recruitment|Ct/Cc cohesin-dockerin|Ct/Cc cohesin-dockerin|COHESIN_DOCKERIN,True,True,ARCHITECTURE_PRIOR_ELIGIBLE_NON_TIE
PAIR00027,SYS0002,V2_in_vitro_trehalose_production,P1_TGT035_MRL25,P1_TGT035_RL25,0.02856915219677092,0.04264433740849372,-0.014075185211722803,J_GT_I,UNCERTAINTY_NOT_REPORTED,false,STUDY_TGT035,trehalose_titer_ratio,J_GT_I,intermolecular recruitment|Ct/Cc cohesin-dockerin|Ct/Cc cohesin-dockerin|COHESIN_DOCKERIN,intermolecular recruitment|Ct/Cc cohesin-dockerin|Ct/Cc cohesin-dockerin|COHESIN_DOCKERIN,True,True,ARCHITECTURE_PRIOR_ELIGIBLE_NON_TIE
PAIR00028,SYS0002,V2_in_vitro_trehalose_production,P1_TGT035_RL15,P1_TGT035_RL25,0.056583528366367514,0.04264433740849372,0.013939190957873791,I_GT_J,UNCERTAINTY_NOT_REPORTED,false,STUDY_TGT035,trehalose_titer_ratio,I_GT_J,intermolecular recruitment|Ct/Cc cohesin-dockerin|Ct/Cc cohesin-dockerin|COHESIN_DOCKERIN,intermolecular recruitment|Ct/Cc cohesin-dockerin|Ct/Cc cohesin-dockerin|COHESIN_DOCKERIN,True,True,ARCHITECTURE_PRIOR_ELIGIBLE_NON_TIE
PAIR00029,SYS_ADH_ATA117,DPS_TABLE3_Kcat,DPS_2DNECR,DPS_3DNECR,0.0,0.41928276771348194,-0.41928276771348194,J_GT_I,UNCERTAINTY_NOT_REPORTED,false,STUDY_DPS2026,Kcat,J_GT_I,N/N|SpyTag|SpyCatcher|SPYTAG_SPYCATCHER,N/N|SpyTag|SpyCatcher|SPYTAG_SPYCATCHER,True,True,ARCHITECTURE_PRIOR_ELIGIBLE_NON_TIE
PAIR00030,SYS_ADH_ATA117,DPS_TABLE3_Kcat_Km,DPS_2DNECR,DPS_3DNECR,0.0,0.3510609099320493,-0.3510609099320493,J_GT_I,UNCERTAINTY_NOT_REPORTED,false,STUDY_DPS2026,Kcat/Km,J_GT_I,N/N|SpyTag|SpyCatcher|SPYTAG_SPYCATCHER,N/N|SpyTag|SpyCatcher|SPYTAG_SPYCATCHER,True,True,ARCHITECTURE_PRIOR_ELIGIBLE_NON_TIE
PAIR00031,SYS_ADH_ATA117,DPS_TABLE3_Km,DPS_2DNECR,DPS_3DNECR,0.0,0.06833419995469668,-0.06833419995469668,J_GT_I,UNCERTAINTY_NOT_REPORTED,false,STUDY_DPS2026,Km,J_GT_I,N/N|SpyTag|SpyCatcher|SPYTAG_SPYCATCHER,N/N|SpyTag|SpyCatcher|SPYTAG_SPYCATCHER,True,True,ARCHITECTURE_PRIOR_ELIGIBLE_NON_TIE
PAIR00032,SYS_ADH_ATA117,DPS_TABLE3_Vmax,DPS_2DNECR,DPS_3DNECR,0.0,0.20567502639151403,-0.20567502639151403,J_GT_I,UNCERTAINTY_NOT_REPORTED,false,STUDY_DPS2026,Vmax,J_GT_I,N/N|SpyTag|SpyCatcher|SPYTAG_SPYCATCHER,N/N|SpyTag|SpyCatcher|SPYTAG_SPYCATCHER,True,True,ARCHITECTURE_PRIOR_ELIGIBLE_NON_TIE
PAIR00033,SYS_DUEBER_MEVALONATE,V2_source_assay_unspecified,CON_DUEBER_01,CON_DUEBER_02,0.485426827,1.96347412,-1.4780472930000002,J_GT_I,UNCERTAINTY_NOT_REPORTED,false,STUDY_DUEBER_2009,titer,J_GT_I,C/C/C|GBD_SH3_PDZ_modular_scaffold|GBD_SH3_PDZ_modular_scaffold|SH3_PDZ_GBD,C/C/C|GBD_SH3_PDZ_modular_scaffold|GBD_SH3_PDZ_modular_scaffold|SH3_PDZ_GBD,True,True,ARCHITECTURE_PRIOR_ELIGIBLE_NON_TIE
PAIR00034,SYS_DUEBER_MEVALONATE,V2_source_assay_unspecified,CON_DUEBER_01,CON_DUEBER_03,0.485426827,4.63226822,-4.146841393,J_GT_I,UNCERTAINTY_NOT_REPORTED,false,STUDY_DUEBER_2009,titer,J_GT_I,C/C/C|GBD_SH3_PDZ_modular_scaffold|GBD_SH3_PDZ_modular_scaffold|SH3_PDZ_GBD,C/C/C|GBD_SH3_PDZ_modular_scaffold|GBD_SH3_PDZ_modular_scaffold|SH3_PDZ_GBD,True,True,ARCHITECTURE_PRIOR_ELIGIBLE_NON_TIE
PAIR00035,SYS_DUEBER_MEVALONATE,V2_source_assay_unspecified,CON_DUEBER_01,CON_DUEBER_04,0.485426827,3.54843662,-3.063009793,J_GT_I,UNCERTAINTY_NOT_REPORTED,false,STUDY_DUEBER_2009,titer,J_GT_I,C/C/C|GBD_SH3_PDZ_modular_scaffold|GBD_SH3_PDZ_modular_scaffold|SH3_PDZ_GBD,C/C/C|GBD_SH3_PDZ_modular_scaffold|GBD_SH3_PDZ_modular_scaffold|SH3_PDZ_GBD,True,True,ARCHITECTURE_PRIOR_ELIGIBLE_NON_TIE
PAIR00036,SYS_DUEBER_MEVALONATE,V2_source_assay_unspecified,CON_DUEBER_01,CON_DUEBER_05,0.485426827,6.26678654,-5.781359713,J_GT_I,UNCERTAINTY_NOT_REPORTED,false,STUDY_DUEBER_2009,titer,J_GT_I,C/C/C|GBD_SH3_PDZ_modular_scaffold|GBD_SH3_PDZ_modular_scaffold|SH3_PDZ_GBD,C/C/C|GBD_SH3_PDZ_modular_scaffold|GBD_SH3_PDZ_modular_scaffold|SH3_PDZ_GBD,True,True,ARCHITECTURE_PRIOR_ELIGIBLE_NON_TIE
PAIR00037,SYS_DUEBER_MEVALONATE,V2_source_assay_unspecified,CON_DUEBER_01,CON_DUEBER_06,0.485426827,2.94485845,-2.459431623,J_GT_I,UNCERTAINTY_NOT_REPORTED,false,STUDY_DUEBER_2009,titer,J_GT_I,C/C/C|GBD_SH3_PDZ_modular_scaffold|GBD_SH3_PDZ_modular_scaffold|SH3_PDZ_GBD,C/C/C|GBD_SH3_PDZ_modular_scaffold|GBD_SH3_PDZ_modular_scaffold|SH3_PDZ_GBD,True,True,ARCHITECTURE_PRIOR_ELIGIBLE_NON_TIE
PAIR00038,SYS_DUEBER_MEVALONATE,V2_source_assay_unspecified,CON_DUEBER_01,CON_DUEBER_07,0.485426827,4.169925,-3.684498173,J_GT_I,UNCERTAINTY_NOT_REPORTED,false,STUDY_DUEBER_2009,titer,J_GT_I,C/C/C|GBD_SH3_PDZ_modular_scaffold|GBD_SH3_PDZ_modular_scaffold|SH3_PDZ_GBD,C/C/C|GBD_SH3_PDZ_modular_scaffold|GBD_SH3_PDZ_modular_scaffold|SH3_PDZ_GBD,True,True,ARCHITECTURE_PRIOR_ELIGIBLE_NON_TIE
PAIR00039,SYS_DUEBER_MEVALONATE,V2_source_assay_unspecified,CON_DUEBER_01,CON_DUEBER_08,0.485426827,1.96347412,-1.4780472930000002,J_GT_I,UNCERTAINTY_NOT_REPORTED,false,STUDY_DUEBER_2009,titer,J_GT_I,C/C/C|GBD_SH3_PDZ_modular_scaffold|GBD_SH3_PDZ_modular_scaffold|SH3_PDZ_GBD,C/C/C|GBD_SH3_PDZ_modular_scaffold|GBD_SH3_PDZ_modular_scaffold|SH3_PDZ_GBD,True,True,ARCHITECTURE_PRIOR_ELIGIBLE_NON_TIE
PAIR00040,SYS_DUEBER_MEVALONATE,V2_source_assay_unspecified,CON_DUEBER_01,CON_DUEBER_09,0.485426827,0.378511623,0.10691520399999999,I_GT_J,UNCERTAINTY_NOT_REPORTED,false,STUDY_DUEBER_2009,titer,I_GT_J,C/C/C|GBD_SH3_PDZ_modular_scaffold|GBD_SH3_PDZ_modular_scaffold|SH3_PDZ_GBD,C/C/C|GBD_SH3_PDZ_modular_scaffold|GBD_SH3_PDZ_modular_scaffold|SH3_PDZ_GBD,True,True,ARCHITECTURE_PRIOR_ELIGIBLE_NON_TIE
PAIR00041,SYS_DUEBER_MEVALONATE,V2_source_assay_unspecified,CON_DUEBER_02,CON_DUEBER_03,1.96347412,4.63226822,-2.6687941000000004,J_GT_I,UNCERTAINTY_NOT_REPORTED,false,STUDY_DUEBER_2009,titer,J_GT_I,C/C/C|GBD_SH3_PDZ_modular_scaffold|GBD_SH3_PDZ_modular_scaffold|SH3_PDZ_GBD,C/C/C|GBD_SH3_PDZ_modular_scaffold|GBD_SH3_PDZ_modular_scaffold|SH3_PDZ_GBD,True,True,ARCHITECTURE_PRIOR_ELIGIBLE_NON_TIE
PAIR00042,SYS_DUEBER_MEVALONATE,V2_source_assay_unspecified,CON_DUEBER_02,CON_DUEBER_04,1.96347412,3.54843662,-1.5849624999999998,J_GT_I,UNCERTAINTY_NOT_REPORTED,false,STUDY_DUEBER_2009,titer,J_GT_I,C/C/C|GBD_SH3_PDZ_modular_scaffold|GBD_SH3_PDZ_modular_scaffold|SH3_PDZ_GBD,C/C/C|GBD_SH3_PDZ_modular_scaffold|GBD_SH3_PDZ_modular_scaffold|SH3_PDZ_GBD,True,True,ARCHITECTURE_PRIOR_ELIGIBLE_NON_TIE
PAIR00043,SYS_DUEBER_MEVALONATE,V2_source_assay_unspecified,CON_DUEBER_02,CON_DUEBER_05,1.96347412,6.26678654,-4.30331242,J_GT_I,UNCERTAINTY_NOT_REPORTED,false,STUDY_DUEBER_2009,titer,J_GT_I,C/C/C|GBD_SH3_PDZ_modular_scaffold|GBD_SH3_PDZ_modular_scaffold|SH3_PDZ_GBD,C/C/C|GBD_SH3_PDZ_modular_scaffold|GBD_SH3_PDZ_modular_scaffold|SH3_PDZ_GBD,True,True,ARCHITECTURE_PRIOR_ELIGIBLE_NON_TIE
PAIR00044,SYS_DUEBER_MEVALONATE,V2_source_assay_unspecified,CON_DUEBER_02,CON_DUEBER_06,1.96347412,2.94485845,-0.9813843299999998,J_GT_I,UNCERTAINTY_NOT_REPORTED,false,STUDY_DUEBER_2009,titer,J_GT_I,C/C/C|GBD_SH3_PDZ_modular_scaffold|GBD_SH3_PDZ_modular_scaffold|SH3_PDZ_GBD,C/C/C|GBD_SH3_PDZ_modular_scaffold|GBD_SH3_PDZ_modular_scaffold|SH3_PDZ_GBD,True,True,ARCHITECTURE_PRIOR_ELIGIBLE_NON_TIE
PAIR00045,SYS_DUEBER_MEVALONATE,V2_source_assay_unspecified,CON_DUEBER_02,CON_DUEBER_07,1.96347412,4.169925,-2.2064508800000002,J_GT_I,UNCERTAINTY_NOT_REPORTED,false,STUDY_DUEBER_2009,titer,J_GT_I,C/C/C|GBD_SH3_PDZ_modular_scaffold|GBD_SH3_PDZ_modular_scaffold|SH3_PDZ_GBD,C/C/C|GBD_SH3_PDZ_modular_scaffold|GBD_SH3_PDZ_modular_scaffold|SH3_PDZ_GBD,True,True,ARCHITECTURE_PRIOR_ELIGIBLE_NON_TIE
PAIR00047,SYS_DUEBER_MEVALONATE,V2_source_assay_unspecified,CON_DUEBER_02,CON_DUEBER_09,1.96347412,0.378511623,1.584962497,I_GT_J,UNCERTAINTY_NOT_REPORTED,false,STUDY_DUEBER_2009,titer,I_GT_J,C/C/C|GBD_SH3_PDZ_modular_scaffold|GBD_SH3_PDZ_modular_scaffold|SH3_PDZ_GBD,C/C/C|GBD_SH3_PDZ_modular_scaffold|GBD_SH3_PDZ_modular_scaffold|SH3_PDZ_GBD,True,True,ARCHITECTURE_PRIOR_ELIGIBLE_NON_TIE
PAIR00048,SYS_DUEBER_MEVALONATE,V2_source_assay_unspecified,CON_DUEBER_03,CON_DUEBER_04,4.63226822,3.54843662,1.0838316000000003,I_GT_J,UNCERTAINTY_NOT_REPORTED,false,STUDY_DUEBER_2009,titer,I_GT_J,C/C/C|GBD_SH3_PDZ_modular_scaffold|GBD_SH3_PDZ_modular_scaffold|SH3_PDZ_GBD,C/C/C|GBD_SH3_PDZ_modular_scaffold|GBD_SH3_PDZ_modular_scaffold|SH3_PDZ_GBD,True,True,ARCHITECTURE_PRIOR_ELIGIBLE_NON_TIE
PAIR00049,SYS_DUEBER_MEVALONATE,V2_source_assay_unspecified,CON_DUEBER_03,CON_DUEBER_05,4.63226822,6.26678654,-1.6345183199999997,J_GT_I,UNCERTAINTY_NOT_REPORTED,false,STUDY_DUEBER_2009,titer,J_GT_I,C/C/C|GBD_SH3_PDZ_modular_scaffold|GBD_SH3_PDZ_modular_scaffold|SH3_PDZ_GBD,C/C/C|GBD_SH3_PDZ_modular_scaffold|GBD_SH3_PDZ_modular_scaffold|SH3_PDZ_GBD,True,True,ARCHITECTURE_PRIOR_ELIGIBLE_NON_TIE
PAIR00050,SYS_DUEBER_MEVALONATE,V2_source_assay_unspecified,CON_DUEBER_03,CON_DUEBER_06,4.63226822,2.94485845,1.6874097700000004,I_GT_J,UNCERTAINTY_NOT_REPORTED,false,STUDY_DUEBER_2009,titer,I_GT_J,C/C/C|GBD_SH3_PDZ_modular_scaffold|GBD_SH3_PDZ_modular_scaffold|SH3_PDZ_GBD,C/C/C|GBD_SH3_PDZ_modular_scaffold|GBD_SH3_PDZ_modular_scaffold|SH3_PDZ_GBD,True,True,ARCHITECTURE_PRIOR_ELIGIBLE_NON_TIE
PAIR00051,SYS_DUEBER_MEVALONATE,V2_source_assay_unspecified,CON_DUEBER_03,CON_DUEBER_07,4.63226822,4.169925,0.46234322000000017,I_GT_J,UNCERTAINTY_NOT_REPORTED,false,STUDY_DUEBER_2009,titer,I_GT_J,C/C/C|GBD_SH3_PDZ_modular_scaffold|GBD_SH3_PDZ_modular_scaffold|SH3_PDZ_GBD,C/C/C|GBD_SH3_PDZ_modular_scaffold|GBD_SH3_PDZ_modular_scaffold|SH3_PDZ_GBD,True,True,ARCHITECTURE_PRIOR_ELIGIBLE_NON_TIE
PAIR00052,SYS_DUEBER_MEVALONATE,V2_source_assay_unspecified,CON_DUEBER_03,CON_DUEBER_08,4.63226822,1.96347412,2.6687941000000004,I_GT_J,UNCERTAINTY_NOT_REPORTED,false,STUDY_DUEBER_2009,titer,I_GT_J,C/C/C|GBD_SH3_PDZ_modular_scaffold|GBD_SH3_PDZ_modular_scaffold|SH3_PDZ_GBD,C/C/C|GBD_SH3_PDZ_modular_scaffold|GBD_SH3_PDZ_modular_scaffold|SH3_PDZ_GBD,True,True,ARCHITECTURE_PRIOR_ELIGIBLE_NON_TIE
PAIR00053,SYS_DUEBER_MEVALONATE,V2_source_assay_unspecified,CON_DUEBER_03,CON_DUEBER_09,4.63226822,0.378511623,4.253756597000001,I_GT_J,UNCERTAINTY_NOT_REPORTED,false,STUDY_DUEBER_2009,titer,I_GT_J,C/C/C|GBD_SH3_PDZ_modular_scaffold|GBD_SH3_PDZ_modular_scaffold|SH3_PDZ_GBD,C/C/C|GBD_SH3_PDZ_modular_scaffold|GBD_SH3_PDZ_modular_scaffold|SH3_PDZ_GBD,True,True,ARCHITECTURE_PRIOR_ELIGIBLE_NON_TIE
PAIR00054,SYS_DUEBER_MEVALONATE,V2_source_assay_unspecified,CON_DUEBER_04,CON_DUEBER_05,3.54843662,6.26678654,-2.71834992,J_GT_I,UNCERTAINTY_NOT_REPORTED,false,STUDY_DUEBER_2009,titer,J_GT_I,C/C/C|GBD_SH3_PDZ_modular_scaffold|GBD_SH3_PDZ_modular_scaffold|SH3_PDZ_GBD,C/C/C|GBD_SH3_PDZ_modular_scaffold|GBD_SH3_PDZ_modular_scaffold|SH3_PDZ_GBD,True,True,ARCHITECTURE_PRIOR_ELIGIBLE_NON_TIE
PAIR00055,SYS_DUEBER_MEVALONATE,V2_source_assay_unspecified,CON_DUEBER_04,CON_DUEBER_06,3.54843662,2.94485845,0.60357817,I_GT_J,UNCERTAINTY_NOT_REPORTED,false,STUDY_DUEBER_2009,titer,I_GT_J,C/C/C|GBD_SH3_PDZ_modular_scaffold|GBD_SH3_PDZ_modular_scaffold|SH3_PDZ_GBD,C/C/C|GBD_SH3_PDZ_modular_scaffold|GBD_SH3_PDZ_modular_scaffold|SH3_PDZ_GBD,True,True,ARCHITECTURE_PRIOR_ELIGIBLE_NON_TIE
PAIR00056,SYS_DUEBER_MEVALONATE,V2_source_assay_unspecified,CON_DUEBER_04,CON_DUEBER_07,3.54843662,4.169925,-0.6214883800000002,J_GT_I,UNCERTAINTY_NOT_REPORTED,false,STUDY_DUEBER_2009,titer,J_GT_I,C/C/C|GBD_SH3_PDZ_modular_scaffold|GBD_SH3_PDZ_modular_scaffold|SH3_PDZ_GBD,C/C/C|GBD_SH3_PDZ_modular_scaffold|GBD_SH3_PDZ_modular_scaffold|SH3_PDZ_GBD,True,True,ARCHITECTURE_PRIOR_ELIGIBLE_NON_TIE
PAIR00057,SYS_DUEBER_MEVALONATE,V2_source_assay_unspecified,CON_DUEBER_04,CON_DUEBER_08,3.54843662,1.96347412,1.5849624999999998,I_GT_J,UNCERTAINTY_NOT_REPORTED,false,STUDY_DUEBER_2009,titer,I_GT_J,C/C/C|GBD_SH3_PDZ_modular_scaffold|GBD_SH3_PDZ_modular_scaffold|SH3_PDZ_GBD,C/C/C|GBD_SH3_PDZ_modular_scaffold|GBD_SH3_PDZ_modular_scaffold|SH3_PDZ_GBD,True,True,ARCHITECTURE_PRIOR_ELIGIBLE_NON_TIE
PAIR00058,SYS_DUEBER_MEVALONATE,V2_source_assay_unspecified,CON_DUEBER_04,CON_DUEBER_09,3.54843662,0.378511623,3.169924997,I_GT_J,UNCERTAINTY_NOT_REPORTED,false,STUDY_DUEBER_2009,titer,I_GT_J,C/C/C|GBD_SH3_PDZ_modular_scaffold|GBD_SH3_PDZ_modular_scaffold|SH3_PDZ_GBD,C/C/C|GBD_SH3_PDZ_modular_scaffold|GBD_SH3_PDZ_modular_scaffold|SH3_PDZ_GBD,True,True,ARCHITECTURE_PRIOR_ELIGIBLE_NON_TIE
PAIR00059,SYS_DUEBER_MEVALONATE,V2_source_assay_unspecified,CON_DUEBER_05,CON_DUEBER_06,6.26678654,2.94485845,3.32192809,I_GT_J,UNCERTAINTY_NOT_REPORTED,false,STUDY_DUEBER_2009,titer,I_GT_J,C/C/C|GBD_SH3_PDZ_modular_scaffold|GBD_SH3_PDZ_modular_scaffold|SH3_PDZ_GBD,C/C/C|GBD_SH3_PDZ_modular_scaffold|GBD_SH3_PDZ_modular_scaffold|SH3_PDZ_GBD,True,True,ARCHITECTURE_PRIOR_ELIGIBLE_NON_TIE
PAIR00060,SYS_DUEBER_MEVALONATE,V2_source_assay_unspecified,CON_DUEBER_05,CON_DUEBER_07,6.26678654,4.169925,2.09686154,I_GT_J,UNCERTAINTY_NOT_REPORTED,false,STUDY_DUEBER_2009,titer,I_GT_J,C/C/C|GBD_SH3_PDZ_modular_scaffold|GBD_SH3_PDZ_modular_scaffold|SH3_PDZ_GBD,C/C/C|GBD_SH3_PDZ_modular_scaffold|GBD_SH3_PDZ_modular_scaffold|SH3_PDZ_GBD,True,True,ARCHITECTURE_PRIOR_ELIGIBLE_NON_TIE
PAIR00061,SYS_DUEBER_MEVALONATE,V2_source_assay_unspecified,CON_DUEBER_05,CON_DUEBER_08,6.26678654,1.96347412,4.30331242,I_GT_J,UNCERTAINTY_NOT_REPORTED,false,STUDY_DUEBER_2009,titer,I_GT_J,C/C/C|GBD_SH3_PDZ_modular_scaffold|GBD_SH3_PDZ_modular_scaffold|SH3_PDZ_GBD,C/C/C|GBD_SH3_PDZ_modular_scaffold|GBD_SH3_PDZ_modular_scaffold|SH3_PDZ_GBD,True,True,ARCHITECTURE_PRIOR_ELIGIBLE_NON_TIE
PAIR00062,SYS_DUEBER_MEVALONATE,V2_source_assay_unspecified,CON_DUEBER_05,CON_DUEBER_09,6.26678654,0.378511623,5.888274917,I_GT_J,UNCERTAINTY_NOT_REPORTED,false,STUDY_DUEBER_2009,titer,I_GT_J,C/C/C|GBD_SH3_PDZ_modular_scaffold|GBD_SH3_PDZ_modular_scaffold|SH3_PDZ_GBD,C/C/C|GBD_SH3_PDZ_modular_scaffold|GBD_SH3_PDZ_modular_scaffold|SH3_PDZ_GBD,True,True,ARCHITECTURE_PRIOR_ELIGIBLE_NON_TIE
PAIR00063,SYS_DUEBER_MEVALONATE,V2_source_assay_unspecified,CON_DUEBER_06,CON_DUEBER_07,2.94485845,4.169925,-1.2250665500000002,J_GT_I,UNCERTAINTY_NOT_REPORTED,false,STUDY_DUEBER_2009,titer,J_GT_I,C/C/C|GBD_SH3_PDZ_modular_scaffold|GBD_SH3_PDZ_modular_scaffold|SH3_PDZ_GBD,C/C/C|GBD_SH3_PDZ_modular_scaffold|GBD_SH3_PDZ_modular_scaffold|SH3_PDZ_GBD,True,True,ARCHITECTURE_PRIOR_ELIGIBLE_NON_TIE
PAIR00064,SYS_DUEBER_MEVALONATE,V2_source_assay_unspecified,CON_DUEBER_06,CON_DUEBER_08,2.94485845,1.96347412,0.9813843299999998,I_GT_J,UNCERTAINTY_NOT_REPORTED,false,STUDY_DUEBER_2009,titer,I_GT_J,C/C/C|GBD_SH3_PDZ_modular_scaffold|GBD_SH3_PDZ_modular_scaffold|SH3_PDZ_GBD,C/C/C|GBD_SH3_PDZ_modular_scaffold|GBD_SH3_PDZ_modular_scaffold|SH3_PDZ_GBD,True,True,ARCHITECTURE_PRIOR_ELIGIBLE_NON_TIE
PAIR00065,SYS_DUEBER_MEVALONATE,V2_source_assay_unspecified,CON_DUEBER_06,CON_DUEBER_09,2.94485845,0.378511623,2.566346827,I_GT_J,UNCERTAINTY_NOT_REPORTED,false,STUDY_DUEBER_2009,titer,I_GT_J,C/C/C|GBD_SH3_PDZ_modular_scaffold|GBD_SH3_PDZ_modular_scaffold|SH3_PDZ_GBD,C/C/C|GBD_SH3_PDZ_modular_scaffold|GBD_SH3_PDZ_modular_scaffold|SH3_PDZ_GBD,True,True,ARCHITECTURE_PRIOR_ELIGIBLE_NON_TIE
PAIR00066,SYS_DUEBER_MEVALONATE,V2_source_assay_unspecified,CON_DUEBER_07,CON_DUEBER_08,4.169925,1.96347412,2.2064508800000002,I_GT_J,UNCERTAINTY_NOT_REPORTED,false,STUDY_DUEBER_2009,titer,I_GT_J,C/C/C|GBD_SH3_PDZ_modular_scaffold|GBD_SH3_PDZ_modular_scaffold|SH3_PDZ_GBD,C/C/C|GBD_SH3_PDZ_modular_scaffold|GBD_SH3_PDZ_modular_scaffold|SH3_PDZ_GBD,True,True,ARCHITECTURE_PRIOR_ELIGIBLE_NON_TIE
PAIR00067,SYS_DUEBER_MEVALONATE,V2_source_assay_unspecified,CON_DUEBER_07,CON_DUEBER_09,4.169925,0.378511623,3.791413377,I_GT_J,UNCERTAINTY_NOT_REPORTED,false,STUDY_DUEBER_2009,titer,I_GT_J,C/C/C|GBD_SH3_PDZ_modular_scaffold|GBD_SH3_PDZ_modular_scaffold|SH3_PDZ_GBD,C/C/C|GBD_SH3_PDZ_modular_scaffold|GBD_SH3_PDZ_modular_scaffold|SH3_PDZ_GBD,True,True,ARCHITECTURE_PRIOR_ELIGIBLE_NON_TIE
PAIR00068,SYS_DUEBER_MEVALONATE,V2_source_assay_unspecified,CON_DUEBER_08,CON_DUEBER_09,1.96347412,0.378511623,1.584962497,I_GT_J,UNCERTAINTY_NOT_REPORTED,false,STUDY_DUEBER_2009,titer,I_GT_J,C/C/C|GBD_SH3_PDZ_modular_scaffold|GBD_SH3_PDZ_modular_scaffold|SH3_PDZ_GBD,C/C/C|GBD_SH3_PDZ_modular_scaffold|GBD_SH3_PDZ_modular_scaffold|SH3_PDZ_GBD,True,True,ARCHITECTURE_PRIOR_ELIGIBLE_NON_TIE
PAIR00069,SYS_EXT_LGTA_B4GALT,EXT_GLYCAN_FIG7_SYS_EXT_LGTA_B4GALT,EXT_LGTA_B4GALT_FREE,EXT_LGTA_B4GALT_IMM,0.0,-0.984569959430394,0.984569959430394,I_GT_J,UNCERTAINTY_NOT_REPORTED,false,STUDY_EXT_GLYCAN2025,LNnT yield at 24 h,I_GT_J,N/N|none|none|OTHER_PROTEIN_RECRUITMENT,N/N|SpyCatcher003|SpyCatcher003|SPYTAG_SPYCATCHER,True,True,ARCHITECTURE_PRIOR_ELIGIBLE_NON_TIE
PAIR00070,SYS_EXT_LGTA_WBGO,EXT_GLYCAN_FIG7_SYS_EXT_LGTA_WBGO,EXT_LGTA_WBGO_FREE,EXT_LGTA_WBGO_IMM,0.0,-0.37550913509220635,0.37550913509220635,I_GT_J,UNCERTAINTY_NOT_REPORTED,false,STUDY_EXT_GLYCAN2025,LNT yield at 24 h,I_GT_J,N/N|none|none|OTHER_PROTEIN_RECRUITMENT,N/N|SpyCatcher003|SpyCatcher003|SPYTAG_SPYCATCHER,True,True,ARCHITECTURE_PRIOR_ELIGIBLE_NON_TIE
PAIR00071,SYS_PTDH_PAMO,PTDH_PAMO_TABLE2_PAMO,PAMO_A2_PTDH_I,PAMO_A_PTDH_I,-0.09225850785198833,-0.06529146025171893,-0.026967047600269398,J_GT_I,UNCERTAINTY_NOT_REPORTED,false,STUDY_TGT015,PAMO k_obs,J_GT_I,C/C|RIAD-RIAD|RIDD|RIAD_RIDD,C/C|RIAD|RIDD|RIAD_RIDD,True,True,ARCHITECTURE_PRIOR_ELIGIBLE_NON_TIE
PAIR00072,SYS_PTDH_PAMO,PTDH_PAMO_TABLE2_PAMO,PAMO_A2_PTDH_I,PTDH_A2_PAMO_I,-0.09225850785198833,-0.39391420771308966,0.3016556998611013,I_GT_J,UNCERTAINTY_NOT_REPORTED,false,STUDY_TGT015,PAMO k_obs,I_GT_J,C/C|RIAD-RIAD|RIDD|RIAD_RIDD,C/C|RIAD-RIAD|RIDD|RIAD_RIDD,True,True,ARCHITECTURE_PRIOR_ELIGIBLE_NON_TIE
PAIR00073,SYS_PTDH_PAMO,PTDH_PAMO_TABLE2_PAMO,PAMO_A2_PTDH_I,PTDH_A_PAMO_I,-0.09225850785198833,-0.41078802627748584,0.3185295184254975,I_GT_J,UNCERTAINTY_NOT_REPORTED,false,STUDY_TGT015,PAMO k_obs,I_GT_J,C/C|RIAD-RIAD|RIDD|RIAD_RIDD,C/C|RIAD|RIDD|RIAD_RIDD,True,True,ARCHITECTURE_PRIOR_ELIGIBLE_NON_TIE
PAIR00074,SYS_PTDH_PAMO,PTDH_PAMO_TABLE2_PAMO,PAMO_A2_PTDH_I,PTDH_PAMO_DIRECT,-0.09225850785198833,0.0,-0.09225850785198833,J_GT_I,UNCERTAINTY_NOT_REPORTED,false,STUDY_TGT015,PAMO k_obs,J_GT_I,C/C|RIAD-RIAD|RIDD|RIAD_RIDD,C/N|none|none|DIRECT_FUSION,True,True,ARCHITECTURE_PRIOR_ELIGIBLE_NON_TIE
PAIR00075,SYS_PTDH_PAMO,PTDH_PAMO_TABLE2_PAMO,PAMO_A_PTDH_I,PTDH_A2_PAMO_I,-0.06529146025171893,-0.39391420771308966,0.3286227474613707,I_GT_J,UNCERTAINTY_NOT_REPORTED,false,STUDY_TGT015,PAMO k_obs,I_GT_J,C/C|RIAD|RIDD|RIAD_RIDD,C/C|RIAD-RIAD|RIDD|RIAD_RIDD,True,True,ARCHITECTURE_PRIOR_ELIGIBLE_NON_TIE
PAIR00076,SYS_PTDH_PAMO,PTDH_PAMO_TABLE2_PAMO,PAMO_A_PTDH_I,PTDH_A_PAMO_I,-0.06529146025171893,-0.41078802627748584,0.3454965660257669,I_GT_J,UNCERTAINTY_NOT_REPORTED,false,STUDY_TGT015,PAMO k_obs,I_GT_J,C/C|RIAD|RIDD|RIAD_RIDD,C/C|RIAD|RIDD|RIAD_RIDD,True,True,ARCHITECTURE_PRIOR_ELIGIBLE_NON_TIE
PAIR00077,SYS_PTDH_PAMO,PTDH_PAMO_TABLE2_PAMO,PAMO_A_PTDH_I,PTDH_PAMO_DIRECT,-0.06529146025171893,0.0,-0.06529146025171893,J_GT_I,UNCERTAINTY_NOT_REPORTED,false,STUDY_TGT015,PAMO k_obs,J_GT_I,C/C|RIAD|RIDD|RIAD_RIDD,C/N|none|none|DIRECT_FUSION,True,True,ARCHITECTURE_PRIOR_ELIGIBLE_NON_TIE
PAIR00078,SYS_PTDH_PAMO,PTDH_PAMO_TABLE2_PAMO,PTDH_A2_PAMO_I,PTDH_A_PAMO_I,-0.39391420771308966,-0.41078802627748584,0.01687381856439618,I_GT_J,UNCERTAINTY_NOT_REPORTED,false,STUDY_TGT015,PAMO k_obs,I_GT_J,C/C|RIAD-RIAD|RIDD|RIAD_RIDD,C/C|RIAD|RIDD|RIAD_RIDD,True,True,ARCHITECTURE_PRIOR_ELIGIBLE_NON_TIE
PAIR00079,SYS_PTDH_PAMO,PTDH_PAMO_TABLE2_PAMO,PTDH_A2_PAMO_I,PTDH_PAMO_DIRECT,-0.39391420771308966,0.0,-0.39391420771308966,J_GT_I,UNCERTAINTY_NOT_REPORTED,false,STUDY_TGT015,PAMO k_obs,J_GT_I,C/C|RIAD-RIAD|RIDD|RIAD_RIDD,C/N|none|none|DIRECT_FUSION,True,True,ARCHITECTURE_PRIOR_ELIGIBLE_NON_TIE
PAIR00080,SYS_PTDH_PAMO,PTDH_PAMO_TABLE2_PAMO,PTDH_A_PAMO_I,PTDH_PAMO_DIRECT,-0.41078802627748584,0.0,-0.41078802627748584,J_GT_I,UNCERTAINTY_NOT_REPORTED,false,STUDY_TGT015,PAMO k_obs,J_GT_I,C/C|RIAD|RIDD|RIAD_RIDD,C/N|none|none|DIRECT_FUSION,True,True,ARCHITECTURE_PRIOR_ELIGIBLE_NON_TIE
PAIR00081,SYS_PTDH_PAMO,PTDH_PAMO_TABLE2_PTDH,PAMO_A2_PTDH_I,PAMO_A_PTDH_I,-1.1331664514321946,-1.1675999484960689,0.03443349706387422,I_GT_J,UNCERTAINTY_NOT_REPORTED,false,STUDY_TGT015,PTDH k_obs,I_GT_J,C/C|RIAD-RIAD|RIDD|RIAD_RIDD,C/C|RIAD|RIDD|RIAD_RIDD,True,True,ARCHITECTURE_PRIOR_ELIGIBLE_NON_TIE
PAIR00082,SYS_PTDH_PAMO,PTDH_PAMO_TABLE2_PTDH,PAMO_A2_PTDH_I,PTDH_A2_PAMO_I,-1.1331664514321946,-0.7369655941662062,-0.3962008572659884,J_GT_I,UNCERTAINTY_NOT_REPORTED,false,STUDY_TGT015,PTDH k_obs,J_GT_I,C/C|RIAD-RIAD|RIDD|RIAD_RIDD,C/C|RIAD-RIAD|RIDD|RIAD_RIDD,True,True,ARCHITECTURE_PRIOR_ELIGIBLE_NON_TIE
PAIR00083,SYS_PTDH_PAMO,PTDH_PAMO_TABLE2_PTDH,PAMO_A2_PTDH_I,PTDH_A_PAMO_I,-1.1331664514321946,-0.15372777391451117,-0.9794386775176834,J_GT_I,UNCERTAINTY_NOT_REPORTED,false,STUDY_TGT015,PTDH k_obs,J_GT_I,C/C|RIAD-RIAD|RIDD|RIAD_RIDD,C/C|RIAD|RIDD|RIAD_RIDD,True,True,ARCHITECTURE_PRIOR_ELIGIBLE_NON_TIE
PAIR00084,SYS_PTDH_PAMO,PTDH_PAMO_TABLE2_PTDH,PAMO_A2_PTDH_I,PTDH_PAMO_DIRECT,-1.1331664514321946,0.0,-1.1331664514321946,J_GT_I,UNCERTAINTY_NOT_REPORTED,false,STUDY_TGT015,PTDH k_obs,J_GT_I,C/C|RIAD-RIAD|RIDD|RIAD_RIDD,C/N|none|none|DIRECT_FUSION,True,True,ARCHITECTURE_PRIOR_ELIGIBLE_NON_TIE
PAIR00085,SYS_PTDH_PAMO,PTDH_PAMO_TABLE2_PTDH,PAMO_A_PTDH_I,PTDH_A2_PAMO_I,-1.1675999484960689,-0.7369655941662062,-0.43063435432986263,J_GT_I,UNCERTAINTY_NOT_REPORTED,false,STUDY_TGT015,PTDH k_obs,J_GT_I,C/C|RIAD|RIDD|RIAD_RIDD,C/C|RIAD-RIAD|RIDD|RIAD_RIDD,True,True,ARCHITECTURE_PRIOR_ELIGIBLE_NON_TIE
PAIR00086,SYS_PTDH_PAMO,PTDH_PAMO_TABLE2_PTDH,PAMO_A_PTDH_I,PTDH_A_PAMO_I,-1.1675999484960689,-0.15372777391451117,-1.0138721745815578,J_GT_I,UNCERTAINTY_NOT_REPORTED,false,STUDY_TGT015,PTDH k_obs,J_GT_I,C/C|RIAD|RIDD|RIAD_RIDD,C/C|RIAD|RIDD|RIAD_RIDD,True,True,ARCHITECTURE_PRIOR_ELIGIBLE_NON_TIE
PAIR00087,SYS_PTDH_PAMO,PTDH_PAMO_TABLE2_PTDH,PAMO_A_PTDH_I,PTDH_PAMO_DIRECT,-1.1675999484960689,0.0,-1.1675999484960689,J_GT_I,UNCERTAINTY_NOT_REPORTED,false,STUDY_TGT015,PTDH k_obs,J_GT_I,C/C|RIAD|RIDD|RIAD_RIDD,C/N|none|none|DIRECT_FUSION,True,True,ARCHITECTURE_PRIOR_ELIGIBLE_NON_TIE
PAIR00088,SYS_PTDH_PAMO,PTDH_PAMO_TABLE2_PTDH,PTDH_A2_PAMO_I,PTDH_A_PAMO_I,-0.7369655941662062,-0.15372777391451117,-0.583237820251695,J_GT_I,UNCERTAINTY_NOT_REPORTED,false,STUDY_TGT015,PTDH k_obs,J_GT_I,C/C|RIAD-RIAD|RIDD|RIAD_RIDD,C/C|RIAD|RIDD|RIAD_RIDD,True,True,ARCHITECTURE_PRIOR_ELIGIBLE_NON_TIE
PAIR00089,SYS_PTDH_PAMO,PTDH_PAMO_TABLE2_PTDH,PTDH_A2_PAMO_I,PTDH_PAMO_DIRECT,-0.7369655941662062,0.0,-0.7369655941662062,J_GT_I,UNCERTAINTY_NOT_REPORTED,false,STUDY_TGT015,PTDH k_obs,J_GT_I,C/C|RIAD-RIAD|RIDD|RIAD_RIDD,C/N|none|none|DIRECT_FUSION,True,True,ARCHITECTURE_PRIOR_ELIGIBLE_NON_TIE
PAIR00090,SYS_PTDH_PAMO,PTDH_PAMO_TABLE2_PTDH,PTDH_A_PAMO_I,PTDH_PAMO_DIRECT,-0.15372777391451117,0.0,-0.15372777391451117,J_GT_I,UNCERTAINTY_NOT_REPORTED,false,STUDY_TGT015,PTDH k_obs,J_GT_I,C/C|RIAD|RIDD|RIAD_RIDD,C/N|none|none|DIRECT_FUSION,True,True,ARCHITECTURE_PRIOR_ELIGIBLE_NON_TIE
PAIR00091,SYS_S43_MEN_DH,V2_uM_SHCHC_min,S43C010,S43C011,0.7623373838745174,0.8702321250296703,-0.10789474115515285,J_GT_I,UNCERTAINTY_NOT_REPORTED,false,STUDY_S43_LIU2020,initial_rate,J_GT_I,untagged GKAP/Shank/Homer condensate|PSD_condensate_spontaneous_recruitment|PSD_condensate_spontaneous_recruitment|OTHER_PROTEIN_RECRUITMENT,RIAD-Shank/RIAD-Homer condensate|PSD_condensate_RIAD_RIDD_recruitment|PSD_condensate_RIAD_RIDD_recruitment|RIAD_RIDD,True,True,ARCHITECTURE_PRIOR_ELIGIBLE_NON_TIE
PAIR00092,SYS_S43_QUINOLINATE,V2_g_L_quinolinate_4d,S43C004,S43C005,1.4854268271702418,-0.5145731728297583,2.0,I_GT_J,UNCERTAINTY_NOT_REPORTED,false,STUDY_S43_ZHU2021,titer,I_GT_J,RIDD-NadA + NadB-RIAD|RIAD_RIDD_intracellular_recruitment|RIAD_RIDD_intracellular_recruitment|RIAD_RIDD,RIDD-NadA + RIAD-NadB|RIAD_RIDD_intracellular_recruitment|RIAD_RIDD_intracellular_recruitment|RIAD_RIDD,True,True,ARCHITECTURE_PRIOR_ELIGIBLE_NON_TIE
PAIR00093,SYS_S43_QUINOLINATE,V2_g_L_quinolinate_4d,S43C004,S43C006,1.4854268271702418,1.8875252707415875,-0.4020984435713457,J_GT_I,UNCERTAINTY_NOT_REPORTED,false,STUDY_S43_ZHU2021,titer,J_GT_I,RIDD-NadA + NadB-RIAD|RIAD_RIDD_intracellular_recruitment|RIAD_RIDD_intracellular_recruitment|RIAD_RIDD,NadA-RIDD + NadB-RIAD|RIAD_RIDD_intracellular_recruitment|RIAD_RIDD_intracellular_recruitment|RIAD_RIDD,True,True,ARCHITECTURE_PRIOR_ELIGIBLE_NON_TIE
PAIR00094,SYS_S43_QUINOLINATE,V2_g_L_quinolinate_4d,S43C004,S43C007,1.4854268271702418,1.2630344058337937,0.2223924213364481,I_GT_J,UNCERTAINTY_NOT_REPORTED,false,STUDY_S43_ZHU2021,titer,I_GT_J,RIDD-NadA + NadB-RIAD|RIAD_RIDD_intracellular_recruitment|RIAD_RIDD_intracellular_recruitment|RIAD_RIDD,NadA-RIDD + RIAD-NadB|RIAD_RIDD_intracellular_recruitment|RIAD_RIDD_intracellular_recruitment|RIAD_RIDD,True,True,ARCHITECTURE_PRIOR_ELIGIBLE_NON_TIE
PAIR00095,SYS_S43_QUINOLINATE,V2_g_L_quinolinate_4d,S43C005,S43C006,-0.5145731728297583,1.8875252707415875,-2.402098443571346,J_GT_I,UNCERTAINTY_NOT_REPORTED,false,STUDY_S43_ZHU2021,titer,J_GT_I,RIDD-NadA + RIAD-NadB|RIAD_RIDD_intracellular_recruitment|RIAD_RIDD_intracellular_recruitment|RIAD_RIDD,NadA-RIDD + NadB-RIAD|RIAD_RIDD_intracellular_recruitment|RIAD_RIDD_intracellular_recruitment|RIAD_RIDD,True,True,ARCHITECTURE_PRIOR_ELIGIBLE_NON_TIE
PAIR00096,SYS_S43_QUINOLINATE,V2_g_L_quinolinate_4d,S43C005,S43C007,-0.5145731728297583,1.2630344058337937,-1.777607578663552,J_GT_I,UNCERTAINTY_NOT_REPORTED,false,STUDY_S43_ZHU2021,titer,J_GT_I,RIDD-NadA + RIAD-NadB|RIAD_RIDD_intracellular_recruitment|RIAD_RIDD_intracellular_recruitment|RIAD_RIDD,NadA-RIDD + RIAD-NadB|RIAD_RIDD_intracellular_recruitment|RIAD_RIDD_intracellular_recruitment|RIAD_RIDD,True,True,ARCHITECTURE_PRIOR_ELIGIBLE_NON_TIE
PAIR00097,SYS_S43_QUINOLINATE,V2_g_L_quinolinate_4d,S43C006,S43C007,1.8875252707415875,1.2630344058337937,0.6244908649077938,I_GT_J,UNCERTAINTY_NOT_REPORTED,false,STUDY_S43_ZHU2021,titer,I_GT_J,NadA-RIDD + NadB-RIAD|RIAD_RIDD_intracellular_recruitment|RIAD_RIDD_intracellular_recruitment|RIAD_RIDD,NadA-RIDD + RIAD-NadB|RIAD_RIDD_intracellular_recruitment|RIAD_RIDD_intracellular_recruitment|RIAD_RIDD,True,True,ARCHITECTURE_PRIOR_ELIGIBLE_NON_TIE
PAIR00098,SYS_S43_ZEAXANTHIN,V2_mg_L_zeaxanthin,S43C008,S43C009,0.2820353677638496,0.4830828867019426,-0.20104751893809303,J_GT_I,UNCERTAINTY_NOT_REPORTED,false,STUDY_S43_LARROUDE2024,titer,J_GT_I,3x PaCrtZ-RIAD|RIAD_RIDD_homotrimer|RIAD_RIDD_homotrimer|RIAD_RIDD,2x PaCrtZ-RIDD + 1x PaCrtZ-RIAD|RIAD_RIDD_homotrimer|RIAD_RIDD_homotrimer|RIAD_RIDD,True,True,ARCHITECTURE_PRIOR_ELIGIBLE_NON_TIE
PAIR00099,SYS_TGT018,V2_in_vivo_indigo_production,P1_TGT018_Strain04,P1_TGT018_Strain11,0.11370049916472831,0.3334237337251918,-0.2197232345604635,J_GT_I,UNCERTAINTY_NOT_REPORTED,false,STUDY_TGT018,indigo_titer_ratio,J_GT_I,intermolecular self assembly|PB1C-PB2N|PB1C-PB2N|OTHER_PROTEIN_RECRUITMENT,intermolecular self assembly|PB1C-PB2N + importin-PB2C + RIAD-RIDD|PB1C-PB2N + importin-PB2C + RIAD-RIDD|OTHER_PROTEIN_RECRUITMENT,True,True,ARCHITECTURE_PRIOR_ELIGIBLE_NON_TIE
PAIR00100,SYS_TGT019,V2_in_vivo_shake_flask,P1_TGT019_BFA02,P1_TGT019_BFA02-A,0.4918530963296747,-0.02272007650008353,0.5145731728297582,I_GT_J,UNCERTAINTY_NOT_REPORTED,false,STUDY_TGT019,L_fucose_titer,I_GT_J,intermolecular peptide assembly|RIAD-RIDD|RIAD-RIDD|RIAD_RIDD,intermolecular peptide assembly|RIAD-RIDD|RIAD-RIDD|RIAD_RIDD,True,True,ARCHITECTURE_PRIOR_ELIGIBLE_NON_TIE
PAIR00101,SYS_TGT019,V2_in_vivo_shake_flask,P1_TGT019_BFA02,P1_TGT019_BFA02-D,0.4918530963296747,0.30378074817710293,0.1880723481525718,I_GT_J,UNCERTAINTY_NOT_REPORTED,false,STUDY_TGT019,L_fucose_titer,I_GT_J,intermolecular peptide assembly|RIAD-RIDD|RIAD-RIDD|RIAD_RIDD,intermolecular peptide assembly|RIAD-RIDD|RIAD-RIDD|RIAD_RIDD,True,True,ARCHITECTURE_PRIOR_ELIGIBLE_NON_TIE
PAIR00102,SYS_TGT019,V2_in_vivo_shake_flask,P1_TGT019_BFA02,P1_TGT019_BFA02-N1,0.4918530963296747,0.18982455888001723,0.3020285374496575,I_GT_J,UNCERTAINTY_NOT_REPORTED,false,STUDY_TGT019,L_fucose_titer,I_GT_J,intermolecular peptide assembly|RIAD-RIDD|RIAD-RIDD|RIAD_RIDD,intermolecular peptide assembly|RIAD-RIDD|RIAD-RIDD|RIAD_RIDD,True,True,ARCHITECTURE_PRIOR_ELIGIBLE_NON_TIE
PAIR00103,SYS_TGT019,V2_in_vivo_shake_flask,P1_TGT019_BFA02,P1_TGT019_BFA02-N2,0.4918530963296747,0.20945336562894978,0.28239973070072494,I_GT_J,UNCERTAINTY_NOT_REPORTED,false,STUDY_TGT019,L_fucose_titer,I_GT_J,intermolecular peptide assembly|RIAD-RIDD|RIAD-RIDD|RIAD_RIDD,intermolecular peptide assembly|RIAD-RIDD|RIAD-RIDD|RIAD_RIDD,True,True,ARCHITECTURE_PRIOR_ELIGIBLE_NON_TIE
PAIR00104,SYS_TGT019,V2_in_vivo_shake_flask,P1_TGT019_BFA02,P1_TGT019_BFA02-N3,0.4918530963296747,-0.6076825772212398,1.0995356735509145,I_GT_J,UNCERTAINTY_NOT_REPORTED,false,STUDY_TGT019,L_fucose_titer,I_GT_J,intermolecular peptide assembly|RIAD-RIDD|RIAD-RIDD|RIAD_RIDD,intermolecular peptide assembly|RIAD-RIDD|RIAD-RIDD|RIAD_RIDD,True,True,ARCHITECTURE_PRIOR_ELIGIBLE_NON_TIE
PAIR00105,SYS_TGT019,V2_in_vivo_shake_flask,P1_TGT019_BFA02,P1_TGT019_BFA03,0.4918530963296747,-1.6076825772212398,2.0995356735509145,I_GT_J,UNCERTAINTY_NOT_REPORTED,false,STUDY_TGT019,L_fucose_titer,I_GT_J,intermolecular peptide assembly|RIAD-RIDD|RIAD-RIDD|RIAD_RIDD,intermolecular peptide assembly|RIAD-RIDD|RIAD-RIDD|RIAD_RIDD,True,True,ARCHITECTURE_PRIOR_ELIGIBLE_NON_TIE
PAIR00106,SYS_TGT019,V2_in_vivo_shake_flask,P1_TGT019_BFA02,P1_TGT019_BFA04,0.4918530963296747,-1.8300749985576876,2.321928094887362,I_GT_J,UNCERTAINTY_NOT_REPORTED,false,STUDY_TGT019,L_fucose_titer,I_GT_J,intermolecular peptide assembly|RIAD-RIDD|RIAD-RIDD|RIAD_RIDD,intermolecular peptide assembly|RIAD-RIDD|RIAD-RIDD|RIAD_RIDD,True,True,ARCHITECTURE_PRIOR_ELIGIBLE_NON_TIE
PAIR00107,SYS_TGT019,V2_in_vivo_shake_flask,P1_TGT019_BFA02,P1_TGT019_BFA05,0.4918530963296747,-0.09310940439148147,0.5849625007211562,I_GT_J,UNCERTAINTY_NOT_REPORTED,false,STUDY_TGT019,L_fucose_titer,I_GT_J,intermolecular peptide assembly|RIAD-RIDD|RIAD-RIDD|RIAD_RIDD,intermolecular peptide assembly|RIAD-RIDD|RIAD-RIDD|RIAD_RIDD,True,True,ARCHITECTURE_PRIOR_ELIGIBLE_NON_TIE
PAIR00108,SYS_TGT019,V2_in_vivo_shake_flask,P1_TGT019_BFA02,P1_TGT019_BFA06,0.4918530963296747,-0.2186402864753404,0.7104933828050151,I_GT_J,UNCERTAINTY_NOT_REPORTED,false,STUDY_TGT019,L_fucose_titer,I_GT_J,intermolecular peptide assembly|RIAD-RIDD|RIAD-RIDD|RIAD_RIDD,intermolecular peptide assembly|RIAD-RIDD|RIAD-RIDD|RIAD_RIDD,True,True,ARCHITECTURE_PRIOR_ELIGIBLE_NON_TIE
PAIR00109,SYS_TGT019,V2_in_vivo_shake_flask,P1_TGT019_BFA02,P1_TGT019_BFA07,0.4918530963296747,0.7142455176661227,-0.22239242133644793,J_GT_I,UNCERTAINTY_NOT_REPORTED,false,STUDY_TGT019,L_fucose_titer,J_GT_I,intermolecular peptide assembly|RIAD-RIDD|RIAD-RIDD|RIAD_RIDD,intermolecular peptide assembly|RIAD-RIDD|RIAD-RIDD|RIAD_RIDD,True,True,ARCHITECTURE_PRIOR_ELIGIBLE_NON_TIE
PAIR00110,SYS_TGT019,V2_in_vivo_shake_flask,P1_TGT019_BFA02-A,P1_TGT019_BFA02-D,-0.02272007650008353,0.30378074817710293,-0.32650082467718644,J_GT_I,UNCERTAINTY_NOT_REPORTED,false,STUDY_TGT019,L_fucose_titer,J_GT_I,intermolecular peptide assembly|RIAD-RIDD|RIAD-RIDD|RIAD_RIDD,intermolecular peptide assembly|RIAD-RIDD|RIAD-RIDD|RIAD_RIDD,True,True,ARCHITECTURE_PRIOR_ELIGIBLE_NON_TIE
PAIR00111,SYS_TGT019,V2_in_vivo_shake_flask,P1_TGT019_BFA02-A,P1_TGT019_BFA02-N1,-0.02272007650008353,0.18982455888001723,-0.21254463538010077,J_GT_I,UNCERTAINTY_NOT_REPORTED,false,STUDY_TGT019,L_fucose_titer,J_GT_I,intermolecular peptide assembly|RIAD-RIDD|RIAD-RIDD|RIAD_RIDD,intermolecular peptide assembly|RIAD-RIDD|RIAD-RIDD|RIAD_RIDD,True,True,ARCHITECTURE_PRIOR_ELIGIBLE_NON_TIE
PAIR00112,SYS_TGT019,V2_in_vivo_shake_flask,P1_TGT019_BFA02-A,P1_TGT019_BFA02-N2,-0.02272007650008353,0.20945336562894978,-0.23217344212903332,J_GT_I,UNCERTAINTY_NOT_REPORTED,false,STUDY_TGT019,L_fucose_titer,J_GT_I,intermolecular peptide assembly|RIAD-RIDD|RIAD-RIDD|RIAD_RIDD,intermolecular peptide assembly|RIAD-RIDD|RIAD-RIDD|RIAD_RIDD,True,True,ARCHITECTURE_PRIOR_ELIGIBLE_NON_TIE
PAIR00113,SYS_TGT019,V2_in_vivo_shake_flask,P1_TGT019_BFA02-A,P1_TGT019_BFA02-N3,-0.02272007650008353,-0.6076825772212398,0.5849625007211562,I_GT_J,UNCERTAINTY_NOT_REPORTED,false,STUDY_TGT019,L_fucose_titer,I_GT_J,intermolecular peptide assembly|RIAD-RIDD|RIAD-RIDD|RIAD_RIDD,intermolecular peptide assembly|RIAD-RIDD|RIAD-RIDD|RIAD_RIDD,True,True,ARCHITECTURE_PRIOR_ELIGIBLE_NON_TIE
PAIR00114,SYS_TGT019,V2_in_vivo_shake_flask,P1_TGT019_BFA02-A,P1_TGT019_BFA03,-0.02272007650008353,-1.6076825772212398,1.5849625007211563,I_GT_J,UNCERTAINTY_NOT_REPORTED,false,STUDY_TGT019,L_fucose_titer,I_GT_J,intermolecular peptide assembly|RIAD-RIDD|RIAD-RIDD|RIAD_RIDD,intermolecular peptide assembly|RIAD-RIDD|RIAD-RIDD|RIAD_RIDD,True,True,ARCHITECTURE_PRIOR_ELIGIBLE_NON_TIE
PAIR00115,SYS_TGT019,V2_in_vivo_shake_flask,P1_TGT019_BFA02-A,P1_TGT019_BFA04,-0.02272007650008353,-1.8300749985576876,1.8073549220576042,I_GT_J,UNCERTAINTY_NOT_REPORTED,false,STUDY_TGT019,L_fucose_titer,I_GT_J,intermolecular peptide assembly|RIAD-RIDD|RIAD-RIDD|RIAD_RIDD,intermolecular peptide assembly|RIAD-RIDD|RIAD-RIDD|RIAD_RIDD,True,True,ARCHITECTURE_PRIOR_ELIGIBLE_NON_TIE
PAIR00116,SYS_TGT019,V2_in_vivo_shake_flask,P1_TGT019_BFA02-A,P1_TGT019_BFA05,-0.02272007650008353,-0.09310940439148147,0.07038932789139793,I_GT_J,UNCERTAINTY_NOT_REPORTED,false,STUDY_TGT019,L_fucose_titer,I_GT_J,intermolecular peptide assembly|RIAD-RIDD|RIAD-RIDD|RIAD_RIDD,intermolecular peptide assembly|RIAD-RIDD|RIAD-RIDD|RIAD_RIDD,True,True,ARCHITECTURE_PRIOR_ELIGIBLE_NON_TIE
PAIR00117,SYS_TGT019,V2_in_vivo_shake_flask,P1_TGT019_BFA02-A,P1_TGT019_BFA06,-0.02272007650008353,-0.2186402864753404,0.19592020997525686,I_GT_J,UNCERTAINTY_NOT_REPORTED,false,STUDY_TGT019,L_fucose_titer,I_GT_J,intermolecular peptide assembly|RIAD-RIDD|RIAD-RIDD|RIAD_RIDD,intermolecular peptide assembly|RIAD-RIDD|RIAD-RIDD|RIAD_RIDD,True,True,ARCHITECTURE_PRIOR_ELIGIBLE_NON_TIE
PAIR00118,SYS_TGT019,V2_in_vivo_shake_flask,P1_TGT019_BFA02-A,P1_TGT019_BFA07,-0.02272007650008353,0.7142455176661227,-0.7369655941662062,J_GT_I,UNCERTAINTY_NOT_REPORTED,false,STUDY_TGT019,L_fucose_titer,J_GT_I,intermolecular peptide assembly|RIAD-RIDD|RIAD-RIDD|RIAD_RIDD,intermolecular peptide assembly|RIAD-RIDD|RIAD-RIDD|RIAD_RIDD,True,True,ARCHITECTURE_PRIOR_ELIGIBLE_NON_TIE
PAIR00119,SYS_TGT019,V2_in_vivo_shake_flask,P1_TGT019_BFA02-D,P1_TGT019_BFA02-N1,0.30378074817710293,0.18982455888001723,0.1139561892970857,I_GT_J,UNCERTAINTY_NOT_REPORTED,false,STUDY_TGT019,L_fucose_titer,I_GT_J,intermolecular peptide assembly|RIAD-RIDD|RIAD-RIDD|RIAD_RIDD,intermolecular peptide assembly|RIAD-RIDD|RIAD-RIDD|RIAD_RIDD,True,True,ARCHITECTURE_PRIOR_ELIGIBLE_NON_TIE
PAIR00120,SYS_TGT019,V2_in_vivo_shake_flask,P1_TGT019_BFA02-D,P1_TGT019_BFA02-N2,0.30378074817710293,0.20945336562894978,0.09432738254815315,I_GT_J,UNCERTAINTY_NOT_REPORTED,false,STUDY_TGT019,L_fucose_titer,I_GT_J,intermolecular peptide assembly|RIAD-RIDD|RIAD-RIDD|RIAD_RIDD,intermolecular peptide assembly|RIAD-RIDD|RIAD-RIDD|RIAD_RIDD,True,True,ARCHITECTURE_PRIOR_ELIGIBLE_NON_TIE
PAIR00121,SYS_TGT019,V2_in_vivo_shake_flask,P1_TGT019_BFA02-D,P1_TGT019_BFA02-N3,0.30378074817710293,-0.6076825772212398,0.9114633253983426,I_GT_J,UNCERTAINTY_NOT_REPORTED,false,STUDY_TGT019,L_fucose_titer,I_GT_J,intermolecular peptide assembly|RIAD-RIDD|RIAD-RIDD|RIAD_RIDD,intermolecular peptide assembly|RIAD-RIDD|RIAD-RIDD|RIAD_RIDD,True,True,ARCHITECTURE_PRIOR_ELIGIBLE_NON_TIE
PAIR00122,SYS_TGT019,V2_in_vivo_shake_flask,P1_TGT019_BFA02-D,P1_TGT019_BFA03,0.30378074817710293,-1.6076825772212398,1.9114633253983426,I_GT_J,UNCERTAINTY_NOT_REPORTED,false,STUDY_TGT019,L_fucose_titer,I_GT_J,intermolecular peptide assembly|RIAD-RIDD|RIAD-RIDD|RIAD_RIDD,intermolecular peptide assembly|RIAD-RIDD|RIAD-RIDD|RIAD_RIDD,True,True,ARCHITECTURE_PRIOR_ELIGIBLE_NON_TIE
PAIR00123,SYS_TGT019,V2_in_vivo_shake_flask,P1_TGT019_BFA02-D,P1_TGT019_BFA04,0.30378074817710293,-1.8300749985576876,2.1338557467347905,I_GT_J,UNCERTAINTY_NOT_REPORTED,false,STUDY_TGT019,L_fucose_titer,I_GT_J,intermolecular peptide assembly|RIAD-RIDD|RIAD-RIDD|RIAD_RIDD,intermolecular peptide assembly|RIAD-RIDD|RIAD-RIDD|RIAD_RIDD,True,True,ARCHITECTURE_PRIOR_ELIGIBLE_NON_TIE
PAIR00124,SYS_TGT019,V2_in_vivo_shake_flask,P1_TGT019_BFA02-D,P1_TGT019_BFA05,0.30378074817710293,-0.09310940439148147,0.3968901525685844,I_GT_J,UNCERTAINTY_NOT_REPORTED,false,STUDY_TGT019,L_fucose_titer,I_GT_J,intermolecular peptide assembly|RIAD-RIDD|RIAD-RIDD|RIAD_RIDD,intermolecular peptide assembly|RIAD-RIDD|RIAD-RIDD|RIAD_RIDD,True,True,ARCHITECTURE_PRIOR_ELIGIBLE_NON_TIE
PAIR00125,SYS_TGT019,V2_in_vivo_shake_flask,P1_TGT019_BFA02-D,P1_TGT019_BFA06,0.30378074817710293,-0.2186402864753404,0.5224210346524434,I_GT_J,UNCERTAINTY_NOT_REPORTED,false,STUDY_TGT019,L_fucose_titer,I_GT_J,intermolecular peptide assembly|RIAD-RIDD|RIAD-RIDD|RIAD_RIDD,intermolecular peptide assembly|RIAD-RIDD|RIAD-RIDD|RIAD_RIDD,True,True,ARCHITECTURE_PRIOR_ELIGIBLE_NON_TIE
PAIR00126,SYS_TGT019,V2_in_vivo_shake_flask,P1_TGT019_BFA02-D,P1_TGT019_BFA07,0.30378074817710293,0.7142455176661227,-0.4104647694890197,J_GT_I,UNCERTAINTY_NOT_REPORTED,false,STUDY_TGT019,L_fucose_titer,J_GT_I,intermolecular peptide assembly|RIAD-RIDD|RIAD-RIDD|RIAD_RIDD,intermolecular peptide assembly|RIAD-RIDD|RIAD-RIDD|RIAD_RIDD,True,True,ARCHITECTURE_PRIOR_ELIGIBLE_NON_TIE
PAIR00127,SYS_TGT019,V2_in_vivo_shake_flask,P1_TGT019_BFA02-N1,P1_TGT019_BFA02-N2,0.18982455888001723,0.20945336562894978,-0.019628806748932554,J_GT_I,UNCERTAINTY_NOT_REPORTED,false,STUDY_TGT019,L_fucose_titer,J_GT_I,intermolecular peptide assembly|RIAD-RIDD|RIAD-RIDD|RIAD_RIDD,intermolecular peptide assembly|RIAD-RIDD|RIAD-RIDD|RIAD_RIDD,True,True,ARCHITECTURE_PRIOR_ELIGIBLE_NON_TIE
PAIR00128,SYS_TGT019,V2_in_vivo_shake_flask,P1_TGT019_BFA02-N1,P1_TGT019_BFA02-N3,0.18982455888001723,-0.6076825772212398,0.797507136101257,I_GT_J,UNCERTAINTY_NOT_REPORTED,false,STUDY_TGT019,L_fucose_titer,I_GT_J,intermolecular peptide assembly|RIAD-RIDD|RIAD-RIDD|RIAD_RIDD,intermolecular peptide assembly|RIAD-RIDD|RIAD-RIDD|RIAD_RIDD,True,True,ARCHITECTURE_PRIOR_ELIGIBLE_NON_TIE
PAIR00129,SYS_TGT019,V2_in_vivo_shake_flask,P1_TGT019_BFA02-N1,P1_TGT019_BFA03,0.18982455888001723,-1.6076825772212398,1.797507136101257,I_GT_J,UNCERTAINTY_NOT_REPORTED,false,STUDY_TGT019,L_fucose_titer,I_GT_J,intermolecular peptide assembly|RIAD-RIDD|RIAD-RIDD|RIAD_RIDD,intermolecular peptide assembly|RIAD-RIDD|RIAD-RIDD|RIAD_RIDD,True,True,ARCHITECTURE_PRIOR_ELIGIBLE_NON_TIE
PAIR00130,SYS_TGT019,V2_in_vivo_shake_flask,P1_TGT019_BFA02-N1,P1_TGT019_BFA04,0.18982455888001723,-1.8300749985576876,2.019899557437705,I_GT_J,UNCERTAINTY_NOT_REPORTED,false,STUDY_TGT019,L_fucose_titer,I_GT_J,intermolecular peptide assembly|RIAD-RIDD|RIAD-RIDD|RIAD_RIDD,intermolecular peptide assembly|RIAD-RIDD|RIAD-RIDD|RIAD_RIDD,True,True,ARCHITECTURE_PRIOR_ELIGIBLE_NON_TIE
PAIR00131,SYS_TGT019,V2_in_vivo_shake_flask,P1_TGT019_BFA02-N1,P1_TGT019_BFA05,0.18982455888001723,-0.09310940439148147,0.28293396327149867,I_GT_J,UNCERTAINTY_NOT_REPORTED,false,STUDY_TGT019,L_fucose_titer,I_GT_J,intermolecular peptide assembly|RIAD-RIDD|RIAD-RIDD|RIAD_RIDD,intermolecular peptide assembly|RIAD-RIDD|RIAD-RIDD|RIAD_RIDD,True,True,ARCHITECTURE_PRIOR_ELIGIBLE_NON_TIE
PAIR00132,SYS_TGT019,V2_in_vivo_shake_flask,P1_TGT019_BFA02-N1,P1_TGT019_BFA06,0.18982455888001723,-0.2186402864753404,0.40846484535535765,I_GT_J,UNCERTAINTY_NOT_REPORTED,false,STUDY_TGT019,L_fucose_titer,I_GT_J,intermolecular peptide assembly|RIAD-RIDD|RIAD-RIDD|RIAD_RIDD,intermolecular peptide assembly|RIAD-RIDD|RIAD-RIDD|RIAD_RIDD,True,True,ARCHITECTURE_PRIOR_ELIGIBLE_NON_TIE
PAIR00133,SYS_TGT019,V2_in_vivo_shake_flask,P1_TGT019_BFA02-N1,P1_TGT019_BFA07,0.18982455888001723,0.7142455176661227,-0.5244209587861054,J_GT_I,UNCERTAINTY_NOT_REPORTED,false,STUDY_TGT019,L_fucose_titer,J_GT_I,intermolecular peptide assembly|RIAD-RIDD|RIAD-RIDD|RIAD_RIDD,intermolecular peptide assembly|RIAD-RIDD|RIAD-RIDD|RIAD_RIDD,True,True,ARCHITECTURE_PRIOR_ELIGIBLE_NON_TIE
PAIR00134,SYS_TGT019,V2_in_vivo_shake_flask,P1_TGT019_BFA02-N2,P1_TGT019_BFA02-N3,0.20945336562894978,-0.6076825772212398,0.8171359428501895,I_GT_J,UNCERTAINTY_NOT_REPORTED,false,STUDY_TGT019,L_fucose_titer,I_GT_J,intermolecular peptide assembly|RIAD-RIDD|RIAD-RIDD|RIAD_RIDD,intermolecular peptide assembly|RIAD-RIDD|RIAD-RIDD|RIAD_RIDD,True,True,ARCHITECTURE_PRIOR_ELIGIBLE_NON_TIE
PAIR00135,SYS_TGT019,V2_in_vivo_shake_flask,P1_TGT019_BFA02-N2,P1_TGT019_BFA03,0.20945336562894978,-1.6076825772212398,1.8171359428501894,I_GT_J,UNCERTAINTY_NOT_REPORTED,false,STUDY_TGT019,L_fucose_titer,I_GT_J,intermolecular peptide assembly|RIAD-RIDD|RIAD-RIDD|RIAD_RIDD,intermolecular peptide assembly|RIAD-RIDD|RIAD-RIDD|RIAD_RIDD,True,True,ARCHITECTURE_PRIOR_ELIGIBLE_NON_TIE
PAIR00136,SYS_TGT019,V2_in_vivo_shake_flask,P1_TGT019_BFA02-N2,P1_TGT019_BFA04,0.20945336562894978,-1.8300749985576876,2.0395283641866375,I_GT_J,UNCERTAINTY_NOT_REPORTED,false,STUDY_TGT019,L_fucose_titer,I_GT_J,intermolecular peptide assembly|RIAD-RIDD|RIAD-RIDD|RIAD_RIDD,intermolecular peptide assembly|RIAD-RIDD|RIAD-RIDD|RIAD_RIDD,True,True,ARCHITECTURE_PRIOR_ELIGIBLE_NON_TIE
PAIR00137,SYS_TGT019,V2_in_vivo_shake_flask,P1_TGT019_BFA02-N2,P1_TGT019_BFA05,0.20945336562894978,-0.09310940439148147,0.30256277002043125,I_GT_J,UNCERTAINTY_NOT_REPORTED,false,STUDY_TGT019,L_fucose_titer,I_GT_J,intermolecular peptide assembly|RIAD-RIDD|RIAD-RIDD|RIAD_RIDD,intermolecular peptide assembly|RIAD-RIDD|RIAD-RIDD|RIAD_RIDD,True,True,ARCHITECTURE_PRIOR_ELIGIBLE_NON_TIE
PAIR00138,SYS_TGT019,V2_in_vivo_shake_flask,P1_TGT019_BFA02-N2,P1_TGT019_BFA06,0.20945336562894978,-0.2186402864753404,0.4280936521042902,I_GT_J,UNCERTAINTY_NOT_REPORTED,false,STUDY_TGT019,L_fucose_titer,I_GT_J,intermolecular peptide assembly|RIAD-RIDD|RIAD-RIDD|RIAD_RIDD,intermolecular peptide assembly|RIAD-RIDD|RIAD-RIDD|RIAD_RIDD,True,True,ARCHITECTURE_PRIOR_ELIGIBLE_NON_TIE
PAIR00139,SYS_TGT019,V2_in_vivo_shake_flask,P1_TGT019_BFA02-N2,P1_TGT019_BFA07,0.20945336562894978,0.7142455176661227,-0.5047921520371729,J_GT_I,UNCERTAINTY_NOT_REPORTED,false,STUDY_TGT019,L_fucose_titer,J_GT_I,intermolecular peptide assembly|RIAD-RIDD|RIAD-RIDD|RIAD_RIDD,intermolecular peptide assembly|RIAD-RIDD|RIAD-RIDD|RIAD_RIDD,True,True,ARCHITECTURE_PRIOR_ELIGIBLE_NON_TIE
PAIR00140,SYS_TGT019,V2_in_vivo_shake_flask,P1_TGT019_BFA02-N3,P1_TGT019_BFA03,-0.6076825772212398,-1.6076825772212398,1.0,I_GT_J,UNCERTAINTY_NOT_REPORTED,false,STUDY_TGT019,L_fucose_titer,I_GT_J,intermolecular peptide assembly|RIAD-RIDD|RIAD-RIDD|RIAD_RIDD,intermolecular peptide assembly|RIAD-RIDD|RIAD-RIDD|RIAD_RIDD,True,True,ARCHITECTURE_PRIOR_ELIGIBLE_NON_TIE
PAIR00141,SYS_TGT019,V2_in_vivo_shake_flask,P1_TGT019_BFA02-N3,P1_TGT019_BFA04,-0.6076825772212398,-1.8300749985576876,1.2223924213364479,I_GT_J,UNCERTAINTY_NOT_REPORTED,false,STUDY_TGT019,L_fucose_titer,I_GT_J,intermolecular peptide assembly|RIAD-RIDD|RIAD-RIDD|RIAD_RIDD,intermolecular peptide assembly|RIAD-RIDD|RIAD-RIDD|RIAD_RIDD,True,True,ARCHITECTURE_PRIOR_ELIGIBLE_NON_TIE
PAIR00142,SYS_TGT019,V2_in_vivo_shake_flask,P1_TGT019_BFA02-N3,P1_TGT019_BFA05,-0.6076825772212398,-0.09310940439148147,-0.5145731728297582,J_GT_I,UNCERTAINTY_NOT_REPORTED,false,STUDY_TGT019,L_fucose_titer,J_GT_I,intermolecular peptide assembly|RIAD-RIDD|RIAD-RIDD|RIAD_RIDD,intermolecular peptide assembly|RIAD-RIDD|RIAD-RIDD|RIAD_RIDD,True,True,ARCHITECTURE_PRIOR_ELIGIBLE_NON_TIE
PAIR00143,SYS_TGT019,V2_in_vivo_shake_flask,P1_TGT019_BFA02-N3,P1_TGT019_BFA06,-0.6076825772212398,-0.2186402864753404,-0.38904229074589936,J_GT_I,UNCERTAINTY_NOT_REPORTED,false,STUDY_TGT019,L_fucose_titer,J_GT_I,intermolecular peptide assembly|RIAD-RIDD|RIAD-RIDD|RIAD_RIDD,intermolecular peptide assembly|RIAD-RIDD|RIAD-RIDD|RIAD_RIDD,True,True,ARCHITECTURE_PRIOR_ELIGIBLE_NON_TIE
PAIR00144,SYS_TGT019,V2_in_vivo_shake_flask,P1_TGT019_BFA02-N3,P1_TGT019_BFA07,-0.6076825772212398,0.7142455176661227,-1.3219280948873624,J_GT_I,UNCERTAINTY_NOT_REPORTED,false,STUDY_TGT019,L_fucose_titer,J_GT_I,intermolecular peptide assembly|RIAD-RIDD|RIAD-RIDD|RIAD_RIDD,intermolecular peptide assembly|RIAD-RIDD|RIAD-RIDD|RIAD_RIDD,True,True,ARCHITECTURE_PRIOR_ELIGIBLE_NON_TIE
PAIR00145,SYS_TGT019,V2_in_vivo_shake_flask,P1_TGT019_BFA03,P1_TGT019_BFA04,-1.6076825772212398,-1.8300749985576876,0.22239242133644788,I_GT_J,UNCERTAINTY_NOT_REPORTED,false,STUDY_TGT019,L_fucose_titer,I_GT_J,intermolecular peptide assembly|RIAD-RIDD|RIAD-RIDD|RIAD_RIDD,intermolecular peptide assembly|RIAD-RIDD|RIAD-RIDD|RIAD_RIDD,True,True,ARCHITECTURE_PRIOR_ELIGIBLE_NON_TIE
PAIR00146,SYS_TGT019,V2_in_vivo_shake_flask,P1_TGT019_BFA03,P1_TGT019_BFA05,-1.6076825772212398,-0.09310940439148147,-1.5145731728297582,J_GT_I,UNCERTAINTY_NOT_REPORTED,false,STUDY_TGT019,L_fucose_titer,J_GT_I,intermolecular peptide assembly|RIAD-RIDD|RIAD-RIDD|RIAD_RIDD,intermolecular peptide assembly|RIAD-RIDD|RIAD-RIDD|RIAD_RIDD,True,True,ARCHITECTURE_PRIOR_ELIGIBLE_NON_TIE
PAIR00147,SYS_TGT019,V2_in_vivo_shake_flask,P1_TGT019_BFA03,P1_TGT019_BFA06,-1.6076825772212398,-0.2186402864753404,-1.3890422907458992,J_GT_I,UNCERTAINTY_NOT_REPORTED,false,STUDY_TGT019,L_fucose_titer,J_GT_I,intermolecular peptide assembly|RIAD-RIDD|RIAD-RIDD|RIAD_RIDD,intermolecular peptide assembly|RIAD-RIDD|RIAD-RIDD|RIAD_RIDD,True,True,ARCHITECTURE_PRIOR_ELIGIBLE_NON_TIE
PAIR00148,SYS_TGT019,V2_in_vivo_shake_flask,P1_TGT019_BFA03,P1_TGT019_BFA07,-1.6076825772212398,0.7142455176661227,-2.3219280948873626,J_GT_I,UNCERTAINTY_NOT_REPORTED,false,STUDY_TGT019,L_fucose_titer,J_GT_I,intermolecular peptide assembly|RIAD-RIDD|RIAD-RIDD|RIAD_RIDD,intermolecular peptide assembly|RIAD-RIDD|RIAD-RIDD|RIAD_RIDD,True,True,ARCHITECTURE_PRIOR_ELIGIBLE_NON_TIE
PAIR00149,SYS_TGT019,V2_in_vivo_shake_flask,P1_TGT019_BFA04,P1_TGT019_BFA05,-1.8300749985576876,-0.09310940439148147,-1.736965594166206,J_GT_I,UNCERTAINTY_NOT_REPORTED,false,STUDY_TGT019,L_fucose_titer,J_GT_I,intermolecular peptide assembly|RIAD-RIDD|RIAD-RIDD|RIAD_RIDD,intermolecular peptide assembly|RIAD-RIDD|RIAD-RIDD|RIAD_RIDD,True,True,ARCHITECTURE_PRIOR_ELIGIBLE_NON_TIE
PAIR00150,SYS_TGT019,V2_in_vivo_shake_flask,P1_TGT019_BFA04,P1_TGT019_BFA06,-1.8300749985576876,-0.2186402864753404,-1.6114347120823473,J_GT_I,UNCERTAINTY_NOT_REPORTED,false,STUDY_TGT019,L_fucose_titer,J_GT_I,intermolecular peptide assembly|RIAD-RIDD|RIAD-RIDD|RIAD_RIDD,intermolecular peptide assembly|RIAD-RIDD|RIAD-RIDD|RIAD_RIDD,True,True,ARCHITECTURE_PRIOR_ELIGIBLE_NON_TIE
PAIR00151,SYS_TGT019,V2_in_vivo_shake_flask,P1_TGT019_BFA04,P1_TGT019_BFA07,-1.8300749985576876,0.7142455176661227,-2.5443205162238103,J_GT_I,UNCERTAINTY_NOT_REPORTED,false,STUDY_TGT019,L_fucose_titer,J_GT_I,intermolecular peptide assembly|RIAD-RIDD|RIAD-RIDD|RIAD_RIDD,intermolecular peptide assembly|RIAD-RIDD|RIAD-RIDD|RIAD_RIDD,True,True,ARCHITECTURE_PRIOR_ELIGIBLE_NON_TIE
PAIR00152,SYS_TGT019,V2_in_vivo_shake_flask,P1_TGT019_BFA05,P1_TGT019_BFA06,-0.09310940439148147,-0.2186402864753404,0.12553088208385893,I_GT_J,UNCERTAINTY_NOT_REPORTED,false,STUDY_TGT019,L_fucose_titer,I_GT_J,intermolecular peptide assembly|RIAD-RIDD|RIAD-RIDD|RIAD_RIDD,intermolecular peptide assembly|RIAD-RIDD|RIAD-RIDD|RIAD_RIDD,True,True,ARCHITECTURE_PRIOR_ELIGIBLE_NON_TIE
PAIR00153,SYS_TGT019,V2_in_vivo_shake_flask,P1_TGT019_BFA05,P1_TGT019_BFA07,-0.09310940439148147,0.7142455176661227,-0.8073549220576042,J_GT_I,UNCERTAINTY_NOT_REPORTED,false,STUDY_TGT019,L_fucose_titer,J_GT_I,intermolecular peptide assembly|RIAD-RIDD|RIAD-RIDD|RIAD_RIDD,intermolecular peptide assembly|RIAD-RIDD|RIAD-RIDD|RIAD_RIDD,True,True,ARCHITECTURE_PRIOR_ELIGIBLE_NON_TIE
PAIR00154,SYS_TGT019,V2_in_vivo_shake_flask,P1_TGT019_BFA06,P1_TGT019_BFA07,-0.2186402864753404,0.7142455176661227,-0.932885804141463,J_GT_I,UNCERTAINTY_NOT_REPORTED,false,STUDY_TGT019,L_fucose_titer,J_GT_I,intermolecular peptide assembly|RIAD-RIDD|RIAD-RIDD|RIAD_RIDD,intermolecular peptide assembly|RIAD-RIDD|RIAD-RIDD|RIAD_RIDD,True,True,ARCHITECTURE_PRIOR_ELIGIBLE_NON_TIE
PAIR00155,SYS_TGT030,V2_in_vivo_shake_flask,P1_TGT030_WLS07,P1_TGT030_WLS08,0.7283421671710466,1.1171957346462353,-0.38885356747518873,J_GT_I,UNCERTAINTY_NOT_REPORTED,false,STUDY_TGT030,2FL_titer,J_GT_I,intermolecular peptide assembly|RIAD-RIDD|RIAD-RIDD|RIAD_RIDD,intermolecular peptide assembly|RIAD-RIDD|RIAD-RIDD|RIAD_RIDD,True,True,ARCHITECTURE_PRIOR_ELIGIBLE_NON_TIE
PAIR00156,SYS_TGT030,V2_in_vivo_shake_flask,P1_TGT030_WLS07,P1_TGT030_WLS09,0.7283421671710466,-2.0686708106650986,2.797012977836145,I_GT_J,UNCERTAINTY_NOT_REPORTED,false,STUDY_TGT030,2FL_titer,I_GT_J,intermolecular peptide assembly|RIAD-RIDD|RIAD-RIDD|RIAD_RIDD,intermolecular peptide assembly|RIAD-RIDD|RIAD-RIDD|RIAD_RIDD,True,True,ARCHITECTURE_PRIOR_ELIGIBLE_NON_TIE
PAIR00157,SYS_TGT030,V2_in_vivo_shake_flask,P1_TGT030_WLS07,P1_TGT030_WLS13,0.7283421671710466,-0.14267139210887528,0.8710135592799219,I_GT_J,UNCERTAINTY_NOT_REPORTED,false,STUDY_TGT030,2FL_titer,I_GT_J,intermolecular peptide assembly|RIAD-RIDD|RIAD-RIDD|RIAD_RIDD,intermolecular peptide assembly|RIAD-RIDD|RIAD-RIDD|RIAD_RIDD,True,True,ARCHITECTURE_PRIOR_ELIGIBLE_NON_TIE
PAIR00158,SYS_TGT030,V2_in_vivo_shake_flask,P1_TGT030_WLS07,P1_TGT030_WLS14,0.7283421671710466,1.2959016216307577,-0.5675594544597111,J_GT_I,UNCERTAINTY_NOT_REPORTED,false,STUDY_TGT030,2FL_titer,J_GT_I,intermolecular peptide assembly|RIAD-RIDD|RIAD-RIDD|RIAD_RIDD,intermolecular peptide assembly|RIAD-RIDD|RIAD-RIDD|RIAD_RIDD,True,True,ARCHITECTURE_PRIOR_ELIGIBLE_NON_TIE
PAIR00159,SYS_TGT030,V2_in_vivo_shake_flask,P1_TGT030_WLS08,P1_TGT030_WLS09,1.1171957346462353,-2.0686708106650986,3.1858665453113337,I_GT_J,UNCERTAINTY_NOT_REPORTED,false,STUDY_TGT030,2FL_titer,I_GT_J,intermolecular peptide assembly|RIAD-RIDD|RIAD-RIDD|RIAD_RIDD,intermolecular peptide assembly|RIAD-RIDD|RIAD-RIDD|RIAD_RIDD,True,True,ARCHITECTURE_PRIOR_ELIGIBLE_NON_TIE
PAIR00160,SYS_TGT030,V2_in_vivo_shake_flask,P1_TGT030_WLS08,P1_TGT030_WLS13,1.1171957346462353,-0.14267139210887528,1.2598671267551107,I_GT_J,UNCERTAINTY_NOT_REPORTED,false,STUDY_TGT030,2FL_titer,I_GT_J,intermolecular peptide assembly|RIAD-RIDD|RIAD-RIDD|RIAD_RIDD,intermolecular peptide assembly|RIAD-RIDD|RIAD-RIDD|RIAD_RIDD,True,True,ARCHITECTURE_PRIOR_ELIGIBLE_NON_TIE
PAIR00161,SYS_TGT030,V2_in_vivo_shake_flask,P1_TGT030_WLS08,P1_TGT030_WLS14,1.1171957346462353,1.2959016216307577,-0.1787058869845224,J_GT_I,UNCERTAINTY_NOT_REPORTED,false,STUDY_TGT030,2FL_titer,J_GT_I,intermolecular peptide assembly|RIAD-RIDD|RIAD-RIDD|RIAD_RIDD,intermolecular peptide assembly|RIAD-RIDD|RIAD-RIDD|RIAD_RIDD,True,True,ARCHITECTURE_PRIOR_ELIGIBLE_NON_TIE
PAIR00162,SYS_TGT030,V2_in_vivo_shake_flask,P1_TGT030_WLS09,P1_TGT030_WLS13,-2.0686708106650986,-0.14267139210887528,-1.9259994185562233,J_GT_I,UNCERTAINTY_NOT_REPORTED,false,STUDY_TGT030,2FL_titer,J_GT_I,intermolecular peptide assembly|RIAD-RIDD|RIAD-RIDD|RIAD_RIDD,intermolecular peptide assembly|RIAD-RIDD|RIAD-RIDD|RIAD_RIDD,True,True,ARCHITECTURE_PRIOR_ELIGIBLE_NON_TIE
PAIR00163,SYS_TGT030,V2_in_vivo_shake_flask,P1_TGT030_WLS09,P1_TGT030_WLS14,-2.0686708106650986,1.2959016216307577,-3.3645724322958563,J_GT_I,UNCERTAINTY_NOT_REPORTED,false,STUDY_TGT030,2FL_titer,J_GT_I,intermolecular peptide assembly|RIAD-RIDD|RIAD-RIDD|RIAD_RIDD,intermolecular peptide assembly|RIAD-RIDD|RIAD-RIDD|RIAD_RIDD,True,True,ARCHITECTURE_PRIOR_ELIGIBLE_NON_TIE
PAIR00164,SYS_TGT030,V2_in_vivo_shake_flask,P1_TGT030_WLS13,P1_TGT030_WLS14,-0.14267139210887528,1.2959016216307577,-1.438573013739633,J_GT_I,UNCERTAINTY_NOT_REPORTED,false,STUDY_TGT030,2FL_titer,J_GT_I,intermolecular peptide assembly|RIAD-RIDD|RIAD-RIDD|RIAD_RIDD,intermolecular peptide assembly|RIAD-RIDD|RIAD-RIDD|RIAD_RIDD,True,True,ARCHITECTURE_PRIOR_ELIGIBLE_NON_TIE
PAIR00165,SYS_TGT038,P1_in_vivo_shake_flask,P1_TGT038_EZJ16,P1_TGT038_EZJ17,-1.0448542357842605,-0.9493739269300322,-0.09548030885422831,J_GT_I,UNCERTAINTY_NOT_REPORTED,false,STUDY_TGT038,2FL_titer,J_GT_I,intermolecular self assembly|RIAD-RIDD + SpyCatcher-SpyTag|RIAD-RIDD + SpyCatcher-SpyTag|RIAD_RIDD,intermolecular self assembly|RIAD-RIDD + SpyCatcher-SpyTag|RIAD-RIDD + SpyCatcher-SpyTag|RIAD_RIDD,True,True,ARCHITECTURE_PRIOR_ELIGIBLE_NON_TIE
PAIR00166,SYS_TGT038,P1_in_vivo_shake_flask,P1_TGT038_EZJ16,P1_TGT038_EZJ18,-1.0448542357842605,-0.29278174922784583,-0.7520724865564147,J_GT_I,UNCERTAINTY_NOT_REPORTED,false,STUDY_TGT038,2FL_titer,J_GT_I,intermolecular self assembly|RIAD-RIDD + SpyCatcher-SpyTag|RIAD-RIDD + SpyCatcher-SpyTag|RIAD_RIDD,intermolecular self assembly|RIAD-RIDD + SpyCatcher-SpyTag|RIAD-RIDD + SpyCatcher-SpyTag|RIAD_RIDD,True,True,ARCHITECTURE_PRIOR_ELIGIBLE_NON_TIE
PAIR00167,SYS_TGT038,P1_in_vivo_shake_flask,P1_TGT038_EZJ16,P1_TGT038_EZJ19,-1.0448542357842605,-0.20531890797750652,-0.839535327806754,J_GT_I,UNCERTAINTY_NOT_REPORTED,false,STUDY_TGT038,2FL_titer,J_GT_I,intermolecular self assembly|RIAD-RIDD + SpyCatcher-SpyTag|RIAD-RIDD + SpyCatcher-SpyTag|RIAD_RIDD,intermolecular self assembly|RIAD-RIDD + SpyCatcher-SpyTag|RIAD-RIDD + SpyCatcher-SpyTag|RIAD_RIDD,True,True,ARCHITECTURE_PRIOR_ELIGIBLE_NON_TIE
PAIR00168,SYS_TGT038,P1_in_vivo_shake_flask,P1_TGT038_EZJ16,P1_TGT038_EZJ20,-1.0448542357842605,-0.06396305873196502,-0.9808911770522954,J_GT_I,UNCERTAINTY_NOT_REPORTED,false,STUDY_TGT038,2FL_titer,J_GT_I,intermolecular self assembly|RIAD-RIDD + SpyCatcher-SpyTag|RIAD-RIDD + SpyCatcher-SpyTag|RIAD_RIDD,intermolecular self assembly|RIAD-RIDD + PDZ-PDZlig or SpyCatcher-SpyTag|RIAD-RIDD + PDZ-PDZlig or SpyCatcher-SpyTag|RIAD_RIDD,True,True,ARCHITECTURE_PRIOR_ELIGIBLE_NON_TIE
PAIR00169,SYS_TGT038,P1_in_vivo_shake_flask,P1_TGT038_EZJ16,P1_TGT038_EZJ21,-1.0448542357842605,-0.014797001928080552,-1.03005723385618,J_GT_I,UNCERTAINTY_NOT_REPORTED,false,STUDY_TGT038,2FL_titer,J_GT_I,intermolecular self assembly|RIAD-RIDD + SpyCatcher-SpyTag|RIAD-RIDD + SpyCatcher-SpyTag|RIAD_RIDD,intermolecular self assembly|RIAD-RIDD + PDZ-PDZlig or SpyCatcher-SpyTag|RIAD-RIDD + PDZ-PDZlig or SpyCatcher-SpyTag|RIAD_RIDD,True,True,ARCHITECTURE_PRIOR_ELIGIBLE_NON_TIE
PAIR00170,SYS_TGT038,P1_in_vivo_shake_flask,P1_TGT038_EZJ16,P1_TGT038_EZJ22,-1.0448542357842605,0.23078020682916683,-1.2756344426134274,J_GT_I,UNCERTAINTY_NOT_REPORTED,false,STUDY_TGT038,2FL_titer,J_GT_I,intermolecular self assembly|RIAD-RIDD + SpyCatcher-SpyTag|RIAD-RIDD + SpyCatcher-SpyTag|RIAD_RIDD,intermolecular self assembly|RIAD-RIDD + PDZ-PDZlig or SpyCatcher-SpyTag|RIAD-RIDD + PDZ-PDZlig or SpyCatcher-SpyTag|RIAD_RIDD,True,True,ARCHITECTURE_PRIOR_ELIGIBLE_NON_TIE
PAIR00171,SYS_TGT038,P1_in_vivo_shake_flask,P1_TGT038_EZJ16,P1_TGT038_EZJ23,-1.0448542357842605,0.29218075149331035,-1.3370349872775709,J_GT_I,UNCERTAINTY_NOT_REPORTED,false,STUDY_TGT038,2FL_titer,J_GT_I,intermolecular self assembly|RIAD-RIDD + SpyCatcher-SpyTag|RIAD-RIDD + SpyCatcher-SpyTag|RIAD_RIDD,intermolecular self assembly|RIAD-RIDD + PDZ-PDZlig or SpyCatcher-SpyTag|RIAD-RIDD + PDZ-PDZlig or SpyCatcher-SpyTag|RIAD_RIDD,True,True,ARCHITECTURE_PRIOR_ELIGIBLE_NON_TIE
PAIR00172,SYS_TGT038,P1_in_vivo_shake_flask,P1_TGT038_EZJ16,P1_TGT038_EZJ24,-1.0448542357842605,-3.0911478880581953,2.046293652273935,I_GT_J,UNCERTAINTY_NOT_REPORTED,false,STUDY_TGT038,2FL_titer,I_GT_J,intermolecular self assembly|RIAD-RIDD + SpyCatcher-SpyTag|RIAD-RIDD + SpyCatcher-SpyTag|RIAD_RIDD,intermolecular self assembly|RIAD-RIDD + PDZ-PDZlig or SpyCatcher-SpyTag|RIAD-RIDD + PDZ-PDZlig or SpyCatcher-SpyTag|RIAD_RIDD,True,True,ARCHITECTURE_PRIOR_ELIGIBLE_NON_TIE
PAIR00173,SYS_TGT038,P1_in_vivo_shake_flask,P1_TGT038_EZJ16,P1_TGT038_EZJ25,-1.0448542357842605,-0.732066794753367,-0.3127874410308935,J_GT_I,UNCERTAINTY_NOT_REPORTED,false,STUDY_TGT038,2FL_titer,J_GT_I,intermolecular self assembly|RIAD-RIDD + SpyCatcher-SpyTag|RIAD-RIDD + SpyCatcher-SpyTag|RIAD_RIDD,intermolecular self assembly|RIAD-RIDD + PDZ-PDZlig or SpyCatcher-SpyTag|RIAD-RIDD + PDZ-PDZlig or SpyCatcher-SpyTag|RIAD_RIDD,True,True,ARCHITECTURE_PRIOR_ELIGIBLE_NON_TIE
PAIR00174,SYS_TGT038,P1_in_vivo_shake_flask,P1_TGT038_EZJ16,P1_TGT038_EZJ26,-1.0448542357842605,-0.011083499129016173,-1.0337707366552444,J_GT_I,UNCERTAINTY_NOT_REPORTED,false,STUDY_TGT038,2FL_titer,J_GT_I,intermolecular self assembly|RIAD-RIDD + SpyCatcher-SpyTag|RIAD-RIDD + SpyCatcher-SpyTag|RIAD_RIDD,intermolecular self assembly|RIAD-RIDD + PDZ-PDZlig or SpyCatcher-SpyTag|RIAD-RIDD + PDZ-PDZlig or SpyCatcher-SpyTag|RIAD_RIDD,True,True,ARCHITECTURE_PRIOR_ELIGIBLE_NON_TIE
PAIR00175,SYS_TGT038,P1_in_vivo_shake_flask,P1_TGT038_EZJ16,P1_TGT038_EZJ27,-1.0448542357842605,0.025535092107137794,-1.0703893278913983,J_GT_I,UNCERTAINTY_NOT_REPORTED,false,STUDY_TGT038,2FL_titer,J_GT_I,intermolecular self assembly|RIAD-RIDD + SpyCatcher-SpyTag|RIAD-RIDD + SpyCatcher-SpyTag|RIAD_RIDD,intermolecular self assembly|RIAD-RIDD + PDZ-PDZlig or SpyCatcher-SpyTag|RIAD-RIDD + PDZ-PDZlig or SpyCatcher-SpyTag|RIAD_RIDD,True,True,ARCHITECTURE_PRIOR_ELIGIBLE_NON_TIE
PAIR00176,SYS_TGT038,P1_in_vivo_shake_flask,P1_TGT038_EZJ16,P1_TGT038_EZJ28,-1.0448542357842605,0.03634184706372036,-1.081196082847981,J_GT_I,UNCERTAINTY_NOT_REPORTED,false,STUDY_TGT038,2FL_titer,J_GT_I,intermolecular self assembly|RIAD-RIDD + SpyCatcher-SpyTag|RIAD-RIDD + SpyCatcher-SpyTag|RIAD_RIDD,intermolecular self assembly|RIAD-RIDD + PDZ-PDZlig or SpyCatcher-SpyTag|RIAD-RIDD + PDZ-PDZlig or SpyCatcher-SpyTag|RIAD_RIDD,True,True,ARCHITECTURE_PRIOR_ELIGIBLE_NON_TIE
PAIR00177,SYS_TGT038,P1_in_vivo_shake_flask,P1_TGT038_EZJ16,P1_TGT038_EZJ29,-1.0448542357842605,-0.0990100058311656,-0.9458442299530949,J_GT_I,UNCERTAINTY_NOT_REPORTED,false,STUDY_TGT038,2FL_titer,J_GT_I,intermolecular self assembly|RIAD-RIDD + SpyCatcher-SpyTag|RIAD-RIDD + SpyCatcher-SpyTag|RIAD_RIDD,intermolecular self assembly|RIAD-RIDD + PDZ-PDZlig or SpyCatcher-SpyTag|RIAD-RIDD + PDZ-PDZlig or SpyCatcher-SpyTag|RIAD_RIDD,True,True,ARCHITECTURE_PRIOR_ELIGIBLE_NON_TIE
PAIR00178,SYS_TGT038,P1_in_vivo_shake_flask,P1_TGT038_EZJ16,P1_TGT038_EZJS01,-1.0448542357842605,-0.12285674778553347,-0.921997487998727,J_GT_I,UNCERTAINTY_NOT_REPORTED,false,STUDY_TGT038,2FL_titer,J_GT_I,intermolecular self assembly|RIAD-RIDD + SpyCatcher-SpyTag|RIAD-RIDD + SpyCatcher-SpyTag|RIAD_RIDD,intermolecular self assembly|RIAD-RIDD + SpyCatcher-SpyTag|RIAD-RIDD + SpyCatcher-SpyTag|RIAD_RIDD,True,True,ARCHITECTURE_PRIOR_ELIGIBLE_NON_TIE
PAIR00179,SYS_TGT038,P1_in_vivo_shake_flask,P1_TGT038_EZJ16,P1_TGT038_EZJS02,-1.0448542357842605,-0.7078192485066896,-0.33703498727757086,J_GT_I,UNCERTAINTY_NOT_REPORTED,false,STUDY_TGT038,2FL_titer,J_GT_I,intermolecular self assembly|RIAD-RIDD + SpyCatcher-SpyTag|RIAD-RIDD + SpyCatcher-SpyTag|RIAD_RIDD,intermolecular self assembly|RIAD-RIDD + SpyCatcher-SpyTag|RIAD-RIDD + SpyCatcher-SpyTag|RIAD_RIDD,True,True,ARCHITECTURE_PRIOR_ELIGIBLE_NON_TIE
PAIR00180,SYS_TGT038,P1_in_vivo_shake_flask,P1_TGT038_EZJ16,P1_TGT038_EZJS03,-1.0448542357842605,-0.8333501305905484,-0.2115041051937121,J_GT_I,UNCERTAINTY_NOT_REPORTED,false,STUDY_TGT038,2FL_titer,J_GT_I,intermolecular self assembly|RIAD-RIDD + SpyCatcher-SpyTag|RIAD-RIDD + SpyCatcher-SpyTag|RIAD_RIDD,intermolecular self assembly|RIAD-RIDD + SpyCatcher-SpyTag|RIAD-RIDD + SpyCatcher-SpyTag|RIAD_RIDD,True,True,ARCHITECTURE_PRIOR_ELIGIBLE_NON_TIE
PAIR00181,SYS_TGT038,P1_in_vivo_shake_flask,P1_TGT038_EZJ16,P1_TGT038_EZJS06,-1.0448542357842605,-0.3200890952235811,-0.7247651405606794,J_GT_I,UNCERTAINTY_NOT_REPORTED,false,STUDY_TGT038,2FL_titer,J_GT_I,intermolecular self assembly|RIAD-RIDD + SpyCatcher-SpyTag|RIAD-RIDD + SpyCatcher-SpyTag|RIAD_RIDD,intermolecular self assembly|RIAD-RIDD + SpyCatcher-SpyTag|RIAD-RIDD + SpyCatcher-SpyTag|RIAD_RIDD,True,True,ARCHITECTURE_PRIOR_ELIGIBLE_NON_TIE
PAIR00182,SYS_TGT038,P1_in_vivo_shake_flask,P1_TGT038_EZJ16,P1_TGT038_EZJS07,-1.0448542357842605,-0.17176634826647993,-0.8730878875177805,J_GT_I,UNCERTAINTY_NOT_REPORTED,false,STUDY_TGT038,2FL_titer,J_GT_I,intermolecular self assembly|RIAD-RIDD + SpyCatcher-SpyTag|RIAD-RIDD + SpyCatcher-SpyTag|RIAD_RIDD,intermolecular self assembly|RIAD-RIDD + SpyCatcher-SpyTag|RIAD-RIDD + SpyCatcher-SpyTag|RIAD_RIDD,True,True,ARCHITECTURE_PRIOR_ELIGIBLE_NON_TIE
PAIR00183,SYS_TGT038,P1_in_vivo_shake_flask,P1_TGT038_EZJ16,P1_TGT038_EZJS08,-1.0448542357842605,-0.17176634826647993,-0.8730878875177805,J_GT_I,UNCERTAINTY_NOT_REPORTED,false,STUDY_TGT038,2FL_titer,J_GT_I,intermolecular self assembly|RIAD-RIDD + SpyCatcher-SpyTag|RIAD-RIDD + SpyCatcher-SpyTag|RIAD_RIDD,intermolecular self assembly|RIAD-RIDD + SpyCatcher-SpyTag|RIAD-RIDD + SpyCatcher-SpyTag|RIAD_RIDD,True,True,ARCHITECTURE_PRIOR_ELIGIBLE_NON_TIE
PAIR00184,SYS_TGT038,P1_in_vivo_shake_flask,P1_TGT038_EZJ16,P1_TGT038_EZJS09,-1.0448542357842605,-0.011083499129016173,-1.0337707366552444,J_GT_I,UNCERTAINTY_NOT_REPORTED,false,STUDY_TGT038,2FL_titer,J_GT_I,intermolecular self assembly|RIAD-RIDD + SpyCatcher-SpyTag|RIAD-RIDD + SpyCatcher-SpyTag|RIAD_RIDD,intermolecular self assembly|RIAD-RIDD + SpyCatcher-SpyTag|RIAD-RIDD + SpyCatcher-SpyTag|RIAD_RIDD,True,True,ARCHITECTURE_PRIOR_ELIGIBLE_NON_TIE
PAIR00185,SYS_TGT038,P1_in_vivo_shake_flask,P1_TGT038_EZJ17,P1_TGT038_EZJ18,-0.9493739269300322,-0.29278174922784583,-0.6565921777021864,J_GT_I,UNCERTAINTY_NOT_REPORTED,false,STUDY_TGT038,2FL_titer,J_GT_I,intermolecular self assembly|RIAD-RIDD + SpyCatcher-SpyTag|RIAD-RIDD + SpyCatcher-SpyTag|RIAD_RIDD,intermolecular self assembly|RIAD-RIDD + SpyCatcher-SpyTag|RIAD-RIDD + SpyCatcher-SpyTag|RIAD_RIDD,True,True,ARCHITECTURE_PRIOR_ELIGIBLE_NON_TIE
PAIR00186,SYS_TGT038,P1_in_vivo_shake_flask,P1_TGT038_EZJ17,P1_TGT038_EZJ19,-0.9493739269300322,-0.20531890797750652,-0.7440550189525257,J_GT_I,UNCERTAINTY_NOT_REPORTED,false,STUDY_TGT038,2FL_titer,J_GT_I,intermolecular self assembly|RIAD-RIDD + SpyCatcher-SpyTag|RIAD-RIDD + SpyCatcher-SpyTag|RIAD_RIDD,intermolecular self assembly|RIAD-RIDD + SpyCatcher-SpyTag|RIAD-RIDD + SpyCatcher-SpyTag|RIAD_RIDD,True,True,ARCHITECTURE_PRIOR_ELIGIBLE_NON_TIE
PAIR00187,SYS_TGT038,P1_in_vivo_shake_flask,P1_TGT038_EZJ17,P1_TGT038_EZJ20,-0.9493739269300322,-0.06396305873196502,-0.8854108681980671,J_GT_I,UNCERTAINTY_NOT_REPORTED,false,STUDY_TGT038,2FL_titer,J_GT_I,intermolecular self assembly|RIAD-RIDD + SpyCatcher-SpyTag|RIAD-RIDD + SpyCatcher-SpyTag|RIAD_RIDD,intermolecular self assembly|RIAD-RIDD + PDZ-PDZlig or SpyCatcher-SpyTag|RIAD-RIDD + PDZ-PDZlig or SpyCatcher-SpyTag|RIAD_RIDD,True,True,ARCHITECTURE_PRIOR_ELIGIBLE_NON_TIE
PAIR00188,SYS_TGT038,P1_in_vivo_shake_flask,P1_TGT038_EZJ17,P1_TGT038_EZJ21,-0.9493739269300322,-0.014797001928080552,-0.9345769250019517,J_GT_I,UNCERTAINTY_NOT_REPORTED,false,STUDY_TGT038,2FL_titer,J_GT_I,intermolecular self assembly|RIAD-RIDD + SpyCatcher-SpyTag|RIAD-RIDD + SpyCatcher-SpyTag|RIAD_RIDD,intermolecular self assembly|RIAD-RIDD + PDZ-PDZlig or SpyCatcher-SpyTag|RIAD-RIDD + PDZ-PDZlig or SpyCatcher-SpyTag|RIAD_RIDD,True,True,ARCHITECTURE_PRIOR_ELIGIBLE_NON_TIE
PAIR00189,SYS_TGT038,P1_in_vivo_shake_flask,P1_TGT038_EZJ17,P1_TGT038_EZJ22,-0.9493739269300322,0.23078020682916683,-1.180154133759199,J_GT_I,UNCERTAINTY_NOT_REPORTED,false,STUDY_TGT038,2FL_titer,J_GT_I,intermolecular self assembly|RIAD-RIDD + SpyCatcher-SpyTag|RIAD-RIDD + SpyCatcher-SpyTag|RIAD_RIDD,intermolecular self assembly|RIAD-RIDD + PDZ-PDZlig or SpyCatcher-SpyTag|RIAD-RIDD + PDZ-PDZlig or SpyCatcher-SpyTag|RIAD_RIDD,True,True,ARCHITECTURE_PRIOR_ELIGIBLE_NON_TIE
PAIR00190,SYS_TGT038,P1_in_vivo_shake_flask,P1_TGT038_EZJ17,P1_TGT038_EZJ23,-0.9493739269300322,0.29218075149331035,-1.2415546784233427,J_GT_I,UNCERTAINTY_NOT_REPORTED,false,STUDY_TGT038,2FL_titer,J_GT_I,intermolecular self assembly|RIAD-RIDD + SpyCatcher-SpyTag|RIAD-RIDD + SpyCatcher-SpyTag|RIAD_RIDD,intermolecular self assembly|RIAD-RIDD + PDZ-PDZlig or SpyCatcher-SpyTag|RIAD-RIDD + PDZ-PDZlig or SpyCatcher-SpyTag|RIAD_RIDD,True,True,ARCHITECTURE_PRIOR_ELIGIBLE_NON_TIE
PAIR00191,SYS_TGT038,P1_in_vivo_shake_flask,P1_TGT038_EZJ17,P1_TGT038_EZJ24,-0.9493739269300322,-3.0911478880581953,2.141773961128163,I_GT_J,UNCERTAINTY_NOT_REPORTED,false,STUDY_TGT038,2FL_titer,I_GT_J,intermolecular self assembly|RIAD-RIDD + SpyCatcher-SpyTag|RIAD-RIDD + SpyCatcher-SpyTag|RIAD_RIDD,intermolecular self assembly|RIAD-RIDD + PDZ-PDZlig or SpyCatcher-SpyTag|RIAD-RIDD + PDZ-PDZlig or SpyCatcher-SpyTag|RIAD_RIDD,True,True,ARCHITECTURE_PRIOR_ELIGIBLE_NON_TIE
PAIR00192,SYS_TGT038,P1_in_vivo_shake_flask,P1_TGT038_EZJ17,P1_TGT038_EZJ25,-0.9493739269300322,-0.732066794753367,-0.2173071321766652,J_GT_I,UNCERTAINTY_NOT_REPORTED,false,STUDY_TGT038,2FL_titer,J_GT_I,intermolecular self assembly|RIAD-RIDD + SpyCatcher-SpyTag|RIAD-RIDD + SpyCatcher-SpyTag|RIAD_RIDD,intermolecular self assembly|RIAD-RIDD + PDZ-PDZlig or SpyCatcher-SpyTag|RIAD-RIDD + PDZ-PDZlig or SpyCatcher-SpyTag|RIAD_RIDD,True,True,ARCHITECTURE_PRIOR_ELIGIBLE_NON_TIE
PAIR00193,SYS_TGT038,P1_in_vivo_shake_flask,P1_TGT038_EZJ17,P1_TGT038_EZJ26,-0.9493739269300322,-0.011083499129016173,-0.938290427801016,J_GT_I,UNCERTAINTY_NOT_REPORTED,false,STUDY_TGT038,2FL_titer,J_GT_I,intermolecular self assembly|RIAD-RIDD + SpyCatcher-SpyTag|RIAD-RIDD + SpyCatcher-SpyTag|RIAD_RIDD,intermolecular self assembly|RIAD-RIDD + PDZ-PDZlig or SpyCatcher-SpyTag|RIAD-RIDD + PDZ-PDZlig or SpyCatcher-SpyTag|RIAD_RIDD,True,True,ARCHITECTURE_PRIOR_ELIGIBLE_NON_TIE
PAIR00194,SYS_TGT038,P1_in_vivo_shake_flask,P1_TGT038_EZJ17,P1_TGT038_EZJ27,-0.9493739269300322,0.025535092107137794,-0.97490901903717,J_GT_I,UNCERTAINTY_NOT_REPORTED,false,STUDY_TGT038,2FL_titer,J_GT_I,intermolecular self assembly|RIAD-RIDD + SpyCatcher-SpyTag|RIAD-RIDD + SpyCatcher-SpyTag|RIAD_RIDD,intermolecular self assembly|RIAD-RIDD + PDZ-PDZlig or SpyCatcher-SpyTag|RIAD-RIDD + PDZ-PDZlig or SpyCatcher-SpyTag|RIAD_RIDD,True,True,ARCHITECTURE_PRIOR_ELIGIBLE_NON_TIE
PAIR00195,SYS_TGT038,P1_in_vivo_shake_flask,P1_TGT038_EZJ17,P1_TGT038_EZJ28,-0.9493739269300322,0.03634184706372036,-0.9857157739937525,J_GT_I,UNCERTAINTY_NOT_REPORTED,false,STUDY_TGT038,2FL_titer,J_GT_I,intermolecular self assembly|RIAD-RIDD + SpyCatcher-SpyTag|RIAD-RIDD + SpyCatcher-SpyTag|RIAD_RIDD,intermolecular self assembly|RIAD-RIDD + PDZ-PDZlig or SpyCatcher-SpyTag|RIAD-RIDD + PDZ-PDZlig or SpyCatcher-SpyTag|RIAD_RIDD,True,True,ARCHITECTURE_PRIOR_ELIGIBLE_NON_TIE
PAIR00196,SYS_TGT038,P1_in_vivo_shake_flask,P1_TGT038_EZJ17,P1_TGT038_EZJ29,-0.9493739269300322,-0.0990100058311656,-0.8503639210988666,J_GT_I,UNCERTAINTY_NOT_REPORTED,false,STUDY_TGT038,2FL_titer,J_GT_I,intermolecular self assembly|RIAD-RIDD + SpyCatcher-SpyTag|RIAD-RIDD + SpyCatcher-SpyTag|RIAD_RIDD,intermolecular self assembly|RIAD-RIDD + PDZ-PDZlig or SpyCatcher-SpyTag|RIAD-RIDD + PDZ-PDZlig or SpyCatcher-SpyTag|RIAD_RIDD,True,True,ARCHITECTURE_PRIOR_ELIGIBLE_NON_TIE
PAIR00197,SYS_TGT038,P1_in_vivo_shake_flask,P1_TGT038_EZJ17,P1_TGT038_EZJS01,-0.9493739269300322,-0.12285674778553347,-0.8265171791444987,J_GT_I,UNCERTAINTY_NOT_REPORTED,false,STUDY_TGT038,2FL_titer,J_GT_I,intermolecular self assembly|RIAD-RIDD + SpyCatcher-SpyTag|RIAD-RIDD + SpyCatcher-SpyTag|RIAD_RIDD,intermolecular self assembly|RIAD-RIDD + SpyCatcher-SpyTag|RIAD-RIDD + SpyCatcher-SpyTag|RIAD_RIDD,True,True,ARCHITECTURE_PRIOR_ELIGIBLE_NON_TIE
PAIR00198,SYS_TGT038,P1_in_vivo_shake_flask,P1_TGT038_EZJ17,P1_TGT038_EZJS02,-0.9493739269300322,-0.7078192485066896,-0.24155467842334255,J_GT_I,UNCERTAINTY_NOT_REPORTED,false,STUDY_TGT038,2FL_titer,J_GT_I,intermolecular self assembly|RIAD-RIDD + SpyCatcher-SpyTag|RIAD-RIDD + SpyCatcher-SpyTag|RIAD_RIDD,intermolecular self assembly|RIAD-RIDD + SpyCatcher-SpyTag|RIAD-RIDD + SpyCatcher-SpyTag|RIAD_RIDD,True,True,ARCHITECTURE_PRIOR_ELIGIBLE_NON_TIE
PAIR00199,SYS_TGT038,P1_in_vivo_shake_flask,P1_TGT038_EZJ17,P1_TGT038_EZJS03,-0.9493739269300322,-0.8333501305905484,-0.11602379633948379,J_GT_I,UNCERTAINTY_NOT_REPORTED,false,STUDY_TGT038,2FL_titer,J_GT_I,intermolecular self assembly|RIAD-RIDD + SpyCatcher-SpyTag|RIAD-RIDD + SpyCatcher-SpyTag|RIAD_RIDD,intermolecular self assembly|RIAD-RIDD + SpyCatcher-SpyTag|RIAD-RIDD + SpyCatcher-SpyTag|RIAD_RIDD,True,True,ARCHITECTURE_PRIOR_ELIGIBLE_NON_TIE
PAIR00200,SYS_TGT038,P1_in_vivo_shake_flask,P1_TGT038_EZJ17,P1_TGT038_EZJS06,-0.9493739269300322,-0.3200890952235811,-0.6292848317064511,J_GT_I,UNCERTAINTY_NOT_REPORTED,false,STUDY_TGT038,2FL_titer,J_GT_I,intermolecular self assembly|RIAD-RIDD + SpyCatcher-SpyTag|RIAD-RIDD + SpyCatcher-SpyTag|RIAD_RIDD,intermolecular self assembly|RIAD-RIDD + SpyCatcher-SpyTag|RIAD-RIDD + SpyCatcher-SpyTag|RIAD_RIDD,True,True,ARCHITECTURE_PRIOR_ELIGIBLE_NON_TIE
PAIR00201,SYS_TGT038,P1_in_vivo_shake_flask,P1_TGT038_EZJ17,P1_TGT038_EZJS07,-0.9493739269300322,-0.17176634826647993,-0.7776075786635522,J_GT_I,UNCERTAINTY_NOT_REPORTED,false,STUDY_TGT038,2FL_titer,J_GT_I,intermolecular self assembly|RIAD-RIDD + SpyCatcher-SpyTag|RIAD-RIDD + SpyCatcher-SpyTag|RIAD_RIDD,intermolecular self assembly|RIAD-RIDD + SpyCatcher-SpyTag|RIAD-RIDD + SpyCatcher-SpyTag|RIAD_RIDD,True,True,ARCHITECTURE_PRIOR_ELIGIBLE_NON_TIE
PAIR00202,SYS_TGT038,P1_in_vivo_shake_flask,P1_TGT038_EZJ17,P1_TGT038_EZJS08,-0.9493739269300322,-0.17176634826647993,-0.7776075786635522,J_GT_I,UNCERTAINTY_NOT_REPORTED,false,STUDY_TGT038,2FL_titer,J_GT_I,intermolecular self assembly|RIAD-RIDD + SpyCatcher-SpyTag|RIAD-RIDD + SpyCatcher-SpyTag|RIAD_RIDD,intermolecular self assembly|RIAD-RIDD + SpyCatcher-SpyTag|RIAD-RIDD + SpyCatcher-SpyTag|RIAD_RIDD,True,True,ARCHITECTURE_PRIOR_ELIGIBLE_NON_TIE
PAIR00203,SYS_TGT038,P1_in_vivo_shake_flask,P1_TGT038_EZJ17,P1_TGT038_EZJS09,-0.9493739269300322,-0.011083499129016173,-0.938290427801016,J_GT_I,UNCERTAINTY_NOT_REPORTED,false,STUDY_TGT038,2FL_titer,J_GT_I,intermolecular self assembly|RIAD-RIDD + SpyCatcher-SpyTag|RIAD-RIDD + SpyCatcher-SpyTag|RIAD_RIDD,intermolecular self assembly|RIAD-RIDD + SpyCatcher-SpyTag|RIAD-RIDD + SpyCatcher-SpyTag|RIAD_RIDD,True,True,ARCHITECTURE_PRIOR_ELIGIBLE_NON_TIE
PAIR00204,SYS_TGT038,P1_in_vivo_shake_flask,P1_TGT038_EZJ18,P1_TGT038_EZJ19,-0.29278174922784583,-0.20531890797750652,-0.08746284125033932,J_GT_I,UNCERTAINTY_NOT_REPORTED,false,STUDY_TGT038,2FL_titer,J_GT_I,intermolecular self assembly|RIAD-RIDD + SpyCatcher-SpyTag|RIAD-RIDD + SpyCatcher-SpyTag|RIAD_RIDD,intermolecular self assembly|RIAD-RIDD + SpyCatcher-SpyTag|RIAD-RIDD + SpyCatcher-SpyTag|RIAD_RIDD,True,True,ARCHITECTURE_PRIOR_ELIGIBLE_NON_TIE
PAIR00205,SYS_TGT038,P1_in_vivo_shake_flask,P1_TGT038_EZJ18,P1_TGT038_EZJ20,-0.29278174922784583,-0.06396305873196502,-0.22881869049588083,J_GT_I,UNCERTAINTY_NOT_REPORTED,false,STUDY_TGT038,2FL_titer,J_GT_I,intermolecular self assembly|RIAD-RIDD + SpyCatcher-SpyTag|RIAD-RIDD + SpyCatcher-SpyTag|RIAD_RIDD,intermolecular self assembly|RIAD-RIDD + PDZ-PDZlig or SpyCatcher-SpyTag|RIAD-RIDD + PDZ-PDZlig or SpyCatcher-SpyTag|RIAD_RIDD,True,True,ARCHITECTURE_PRIOR_ELIGIBLE_NON_TIE
PAIR00206,SYS_TGT038,P1_in_vivo_shake_flask,P1_TGT038_EZJ18,P1_TGT038_EZJ21,-0.29278174922784583,-0.014797001928080552,-0.2779847472997653,J_GT_I,UNCERTAINTY_NOT_REPORTED,false,STUDY_TGT038,2FL_titer,J_GT_I,intermolecular self assembly|RIAD-RIDD + SpyCatcher-SpyTag|RIAD-RIDD + SpyCatcher-SpyTag|RIAD_RIDD,intermolecular self assembly|RIAD-RIDD + PDZ-PDZlig or SpyCatcher-SpyTag|RIAD-RIDD + PDZ-PDZlig or SpyCatcher-SpyTag|RIAD_RIDD,True,True,ARCHITECTURE_PRIOR_ELIGIBLE_NON_TIE
PAIR00207,SYS_TGT038,P1_in_vivo_shake_flask,P1_TGT038_EZJ18,P1_TGT038_EZJ22,-0.29278174922784583,0.23078020682916683,-0.5235619560570126,J_GT_I,UNCERTAINTY_NOT_REPORTED,false,STUDY_TGT038,2FL_titer,J_GT_I,intermolecular self assembly|RIAD-RIDD + SpyCatcher-SpyTag|RIAD-RIDD + SpyCatcher-SpyTag|RIAD_RIDD,intermolecular self assembly|RIAD-RIDD + PDZ-PDZlig or SpyCatcher-SpyTag|RIAD-RIDD + PDZ-PDZlig or SpyCatcher-SpyTag|RIAD_RIDD,True,True,ARCHITECTURE_PRIOR_ELIGIBLE_NON_TIE
PAIR00208,SYS_TGT038,P1_in_vivo_shake_flask,P1_TGT038_EZJ18,P1_TGT038_EZJ23,-0.29278174922784583,0.29218075149331035,-0.5849625007211562,J_GT_I,UNCERTAINTY_NOT_REPORTED,false,STUDY_TGT038,2FL_titer,J_GT_I,intermolecular self assembly|RIAD-RIDD + SpyCatcher-SpyTag|RIAD-RIDD + SpyCatcher-SpyTag|RIAD_RIDD,intermolecular self assembly|RIAD-RIDD + PDZ-PDZlig or SpyCatcher-SpyTag|RIAD-RIDD + PDZ-PDZlig or SpyCatcher-SpyTag|RIAD_RIDD,True,True,ARCHITECTURE_PRIOR_ELIGIBLE_NON_TIE
PAIR00209,SYS_TGT038,P1_in_vivo_shake_flask,P1_TGT038_EZJ18,P1_TGT038_EZJ24,-0.29278174922784583,-3.0911478880581953,2.7983661388303496,I_GT_J,UNCERTAINTY_NOT_REPORTED,false,STUDY_TGT038,2FL_titer,I_GT_J,intermolecular self assembly|RIAD-RIDD + SpyCatcher-SpyTag|RIAD-RIDD + SpyCatcher-SpyTag|RIAD_RIDD,intermolecular self assembly|RIAD-RIDD + PDZ-PDZlig or SpyCatcher-SpyTag|RIAD-RIDD + PDZ-PDZlig or SpyCatcher-SpyTag|RIAD_RIDD,True,True,ARCHITECTURE_PRIOR_ELIGIBLE_NON_TIE
PAIR00210,SYS_TGT038,P1_in_vivo_shake_flask,P1_TGT038_EZJ18,P1_TGT038_EZJ25,-0.29278174922784583,-0.732066794753367,0.43928504552552117,I_GT_J,UNCERTAINTY_NOT_REPORTED,false,STUDY_TGT038,2FL_titer,I_GT_J,intermolecular self assembly|RIAD-RIDD + SpyCatcher-SpyTag|RIAD-RIDD + SpyCatcher-SpyTag|RIAD_RIDD,intermolecular self assembly|RIAD-RIDD + PDZ-PDZlig or SpyCatcher-SpyTag|RIAD-RIDD + PDZ-PDZlig or SpyCatcher-SpyTag|RIAD_RIDD,True,True,ARCHITECTURE_PRIOR_ELIGIBLE_NON_TIE
PAIR00211,SYS_TGT038,P1_in_vivo_shake_flask,P1_TGT038_EZJ18,P1_TGT038_EZJ26,-0.29278174922784583,-0.011083499129016173,-0.28169825009882965,J_GT_I,UNCERTAINTY_NOT_REPORTED,false,STUDY_TGT038,2FL_titer,J_GT_I,intermolecular self assembly|RIAD-RIDD + SpyCatcher-SpyTag|RIAD-RIDD + SpyCatcher-SpyTag|RIAD_RIDD,intermolecular self assembly|RIAD-RIDD + PDZ-PDZlig or SpyCatcher-SpyTag|RIAD-RIDD + PDZ-PDZlig or SpyCatcher-SpyTag|RIAD_RIDD,True,True,ARCHITECTURE_PRIOR_ELIGIBLE_NON_TIE
PAIR00212,SYS_TGT038,P1_in_vivo_shake_flask,P1_TGT038_EZJ18,P1_TGT038_EZJ27,-0.29278174922784583,0.025535092107137794,-0.3183168413349836,J_GT_I,UNCERTAINTY_NOT_REPORTED,false,STUDY_TGT038,2FL_titer,J_GT_I,intermolecular self assembly|RIAD-RIDD + SpyCatcher-SpyTag|RIAD-RIDD + SpyCatcher-SpyTag|RIAD_RIDD,intermolecular self assembly|RIAD-RIDD + PDZ-PDZlig or SpyCatcher-SpyTag|RIAD-RIDD + PDZ-PDZlig or SpyCatcher-SpyTag|RIAD_RIDD,True,True,ARCHITECTURE_PRIOR_ELIGIBLE_NON_TIE
PAIR00213,SYS_TGT038,P1_in_vivo_shake_flask,P1_TGT038_EZJ18,P1_TGT038_EZJ28,-0.29278174922784583,0.03634184706372036,-0.3291235962915662,J_GT_I,UNCERTAINTY_NOT_REPORTED,false,STUDY_TGT038,2FL_titer,J_GT_I,intermolecular self assembly|RIAD-RIDD + SpyCatcher-SpyTag|RIAD-RIDD + SpyCatcher-SpyTag|RIAD_RIDD,intermolecular self assembly|RIAD-RIDD + PDZ-PDZlig or SpyCatcher-SpyTag|RIAD-RIDD + PDZ-PDZlig or SpyCatcher-SpyTag|RIAD_RIDD,True,True,ARCHITECTURE_PRIOR_ELIGIBLE_NON_TIE
PAIR00214,SYS_TGT038,P1_in_vivo_shake_flask,P1_TGT038_EZJ18,P1_TGT038_EZJ29,-0.29278174922784583,-0.0990100058311656,-0.19377174339668024,J_GT_I,UNCERTAINTY_NOT_REPORTED,false,STUDY_TGT038,2FL_titer,J_GT_I,intermolecular self assembly|RIAD-RIDD + SpyCatcher-SpyTag|RIAD-RIDD + SpyCatcher-SpyTag|RIAD_RIDD,intermolecular self assembly|RIAD-RIDD + PDZ-PDZlig or SpyCatcher-SpyTag|RIAD-RIDD + PDZ-PDZlig or SpyCatcher-SpyTag|RIAD_RIDD,True,True,ARCHITECTURE_PRIOR_ELIGIBLE_NON_TIE
PAIR00215,SYS_TGT038,P1_in_vivo_shake_flask,P1_TGT038_EZJ18,P1_TGT038_EZJS01,-0.29278174922784583,-0.12285674778553347,-0.16992500144231237,J_GT_I,UNCERTAINTY_NOT_REPORTED,false,STUDY_TGT038,2FL_titer,J_GT_I,intermolecular self assembly|RIAD-RIDD + SpyCatcher-SpyTag|RIAD-RIDD + SpyCatcher-SpyTag|RIAD_RIDD,intermolecular self assembly|RIAD-RIDD + SpyCatcher-SpyTag|RIAD-RIDD + SpyCatcher-SpyTag|RIAD_RIDD,True,True,ARCHITECTURE_PRIOR_ELIGIBLE_NON_TIE
PAIR00216,SYS_TGT038,P1_in_vivo_shake_flask,P1_TGT038_EZJ18,P1_TGT038_EZJS02,-0.29278174922784583,-0.7078192485066896,0.4150374992788438,I_GT_J,UNCERTAINTY_NOT_REPORTED,false,STUDY_TGT038,2FL_titer,I_GT_J,intermolecular self assembly|RIAD-RIDD + SpyCatcher-SpyTag|RIAD-RIDD + SpyCatcher-SpyTag|RIAD_RIDD,intermolecular self assembly|RIAD-RIDD + SpyCatcher-SpyTag|RIAD-RIDD + SpyCatcher-SpyTag|RIAD_RIDD,True,True,ARCHITECTURE_PRIOR_ELIGIBLE_NON_TIE
PAIR00217,SYS_TGT038,P1_in_vivo_shake_flask,P1_TGT038_EZJ18,P1_TGT038_EZJS03,-0.29278174922784583,-0.8333501305905484,0.5405683813627026,I_GT_J,UNCERTAINTY_NOT_REPORTED,false,STUDY_TGT038,2FL_titer,I_GT_J,intermolecular self assembly|RIAD-RIDD + SpyCatcher-SpyTag|RIAD-RIDD + SpyCatcher-SpyTag|RIAD_RIDD,intermolecular self assembly|RIAD-RIDD + SpyCatcher-SpyTag|RIAD-RIDD + SpyCatcher-SpyTag|RIAD_RIDD,True,True,ARCHITECTURE_PRIOR_ELIGIBLE_NON_TIE
PAIR00218,SYS_TGT038,P1_in_vivo_shake_flask,P1_TGT038_EZJ18,P1_TGT038_EZJS06,-0.29278174922784583,-0.3200890952235811,0.027307345995735255,I_GT_J,UNCERTAINTY_NOT_REPORTED,false,STUDY_TGT038,2FL_titer,I_GT_J,intermolecular self assembly|RIAD-RIDD + SpyCatcher-SpyTag|RIAD-RIDD + SpyCatcher-SpyTag|RIAD_RIDD,intermolecular self assembly|RIAD-RIDD + SpyCatcher-SpyTag|RIAD-RIDD + SpyCatcher-SpyTag|RIAD_RIDD,True,True,ARCHITECTURE_PRIOR_ELIGIBLE_NON_TIE
PAIR00219,SYS_TGT038,P1_in_vivo_shake_flask,P1_TGT038_EZJ18,P1_TGT038_EZJS07,-0.29278174922784583,-0.17176634826647993,-0.1210154009613659,J_GT_I,UNCERTAINTY_NOT_REPORTED,false,STUDY_TGT038,2FL_titer,J_GT_I,intermolecular self assembly|RIAD-RIDD + SpyCatcher-SpyTag|RIAD-RIDD + SpyCatcher-SpyTag|RIAD_RIDD,intermolecular self assembly|RIAD-RIDD + SpyCatcher-SpyTag|RIAD-RIDD + SpyCatcher-SpyTag|RIAD_RIDD,True,True,ARCHITECTURE_PRIOR_ELIGIBLE_NON_TIE
PAIR00220,SYS_TGT038,P1_in_vivo_shake_flask,P1_TGT038_EZJ18,P1_TGT038_EZJS08,-0.29278174922784583,-0.17176634826647993,-0.1210154009613659,J_GT_I,UNCERTAINTY_NOT_REPORTED,false,STUDY_TGT038,2FL_titer,J_GT_I,intermolecular self assembly|RIAD-RIDD + SpyCatcher-SpyTag|RIAD-RIDD + SpyCatcher-SpyTag|RIAD_RIDD,intermolecular self assembly|RIAD-RIDD + SpyCatcher-SpyTag|RIAD-RIDD + SpyCatcher-SpyTag|RIAD_RIDD,True,True,ARCHITECTURE_PRIOR_ELIGIBLE_NON_TIE
PAIR00221,SYS_TGT038,P1_in_vivo_shake_flask,P1_TGT038_EZJ18,P1_TGT038_EZJS09,-0.29278174922784583,-0.011083499129016173,-0.28169825009882965,J_GT_I,UNCERTAINTY_NOT_REPORTED,false,STUDY_TGT038,2FL_titer,J_GT_I,intermolecular self assembly|RIAD-RIDD + SpyCatcher-SpyTag|RIAD-RIDD + SpyCatcher-SpyTag|RIAD_RIDD,intermolecular self assembly|RIAD-RIDD + SpyCatcher-SpyTag|RIAD-RIDD + SpyCatcher-SpyTag|RIAD_RIDD,True,True,ARCHITECTURE_PRIOR_ELIGIBLE_NON_TIE
PAIR00222,SYS_TGT038,P1_in_vivo_shake_flask,P1_TGT038_EZJ19,P1_TGT038_EZJ20,-0.20531890797750652,-0.06396305873196502,-0.1413558492455415,J_GT_I,UNCERTAINTY_NOT_REPORTED,false,STUDY_TGT038,2FL_titer,J_GT_I,intermolecular self assembly|RIAD-RIDD + SpyCatcher-SpyTag|RIAD-RIDD + SpyCatcher-SpyTag|RIAD_RIDD,intermolecular self assembly|RIAD-RIDD + PDZ-PDZlig or SpyCatcher-SpyTag|RIAD-RIDD + PDZ-PDZlig or SpyCatcher-SpyTag|RIAD_RIDD,True,True,ARCHITECTURE_PRIOR_ELIGIBLE_NON_TIE
PAIR00223,SYS_TGT038,P1_in_vivo_shake_flask,P1_TGT038_EZJ19,P1_TGT038_EZJ21,-0.20531890797750652,-0.014797001928080552,-0.19052190604942595,J_GT_I,UNCERTAINTY_NOT_REPORTED,false,STUDY_TGT038,2FL_titer,J_GT_I,intermolecular self assembly|RIAD-RIDD + SpyCatcher-SpyTag|RIAD-RIDD + SpyCatcher-SpyTag|RIAD_RIDD,intermolecular self assembly|RIAD-RIDD + PDZ-PDZlig or SpyCatcher-SpyTag|RIAD-RIDD + PDZ-PDZlig or SpyCatcher-SpyTag|RIAD_RIDD,True,True,ARCHITECTURE_PRIOR_ELIGIBLE_NON_TIE
PAIR00224,SYS_TGT038,P1_in_vivo_shake_flask,P1_TGT038_EZJ19,P1_TGT038_EZJ22,-0.20531890797750652,0.23078020682916683,-0.43609911480667335,J_GT_I,UNCERTAINTY_NOT_REPORTED,false,STUDY_TGT038,2FL_titer,J_GT_I,intermolecular self assembly|RIAD-RIDD + SpyCatcher-SpyTag|RIAD-RIDD + SpyCatcher-SpyTag|RIAD_RIDD,intermolecular self assembly|RIAD-RIDD + PDZ-PDZlig or SpyCatcher-SpyTag|RIAD-RIDD + PDZ-PDZlig or SpyCatcher-SpyTag|RIAD_RIDD,True,True,ARCHITECTURE_PRIOR_ELIGIBLE_NON_TIE
PAIR00225,SYS_TGT038,P1_in_vivo_shake_flask,P1_TGT038_EZJ19,P1_TGT038_EZJ23,-0.20531890797750652,0.29218075149331035,-0.49749965947081687,J_GT_I,UNCERTAINTY_NOT_REPORTED,false,STUDY_TGT038,2FL_titer,J_GT_I,intermolecular self assembly|RIAD-RIDD + SpyCatcher-SpyTag|RIAD-RIDD + SpyCatcher-SpyTag|RIAD_RIDD,intermolecular self assembly|RIAD-RIDD + PDZ-PDZlig or SpyCatcher-SpyTag|RIAD-RIDD + PDZ-PDZlig or SpyCatcher-SpyTag|RIAD_RIDD,True,True,ARCHITECTURE_PRIOR_ELIGIBLE_NON_TIE
PAIR00226,SYS_TGT038,P1_in_vivo_shake_flask,P1_TGT038_EZJ19,P1_TGT038_EZJ24,-0.20531890797750652,-3.0911478880581953,2.8858289800806887,I_GT_J,UNCERTAINTY_NOT_REPORTED,false,STUDY_TGT038,2FL_titer,I_GT_J,intermolecular self assembly|RIAD-RIDD + SpyCatcher-SpyTag|RIAD-RIDD + SpyCatcher-SpyTag|RIAD_RIDD,intermolecular self assembly|RIAD-RIDD + PDZ-PDZlig or SpyCatcher-SpyTag|RIAD-RIDD + PDZ-PDZlig or SpyCatcher-SpyTag|RIAD_RIDD,True,True,ARCHITECTURE_PRIOR_ELIGIBLE_NON_TIE
PAIR00227,SYS_TGT038,P1_in_vivo_shake_flask,P1_TGT038_EZJ19,P1_TGT038_EZJ25,-0.20531890797750652,-0.732066794753367,0.5267478867758605,I_GT_J,UNCERTAINTY_NOT_REPORTED,false,STUDY_TGT038,2FL_titer,I_GT_J,intermolecular self assembly|RIAD-RIDD + SpyCatcher-SpyTag|RIAD-RIDD + SpyCatcher-SpyTag|RIAD_RIDD,intermolecular self assembly|RIAD-RIDD + PDZ-PDZlig or SpyCatcher-SpyTag|RIAD-RIDD + PDZ-PDZlig or SpyCatcher-SpyTag|RIAD_RIDD,True,True,ARCHITECTURE_PRIOR_ELIGIBLE_NON_TIE
PAIR00228,SYS_TGT038,P1_in_vivo_shake_flask,P1_TGT038_EZJ19,P1_TGT038_EZJ26,-0.20531890797750652,-0.011083499129016173,-0.19423540884849033,J_GT_I,UNCERTAINTY_NOT_REPORTED,false,STUDY_TGT038,2FL_titer,J_GT_I,intermolecular self assembly|RIAD-RIDD + SpyCatcher-SpyTag|RIAD-RIDD + SpyCatcher-SpyTag|RIAD_RIDD,intermolecular self assembly|RIAD-RIDD + PDZ-PDZlig or SpyCatcher-SpyTag|RIAD-RIDD + PDZ-PDZlig or SpyCatcher-SpyTag|RIAD_RIDD,True,True,ARCHITECTURE_PRIOR_ELIGIBLE_NON_TIE
PAIR00229,SYS_TGT038,P1_in_vivo_shake_flask,P1_TGT038_EZJ19,P1_TGT038_EZJ27,-0.20531890797750652,0.025535092107137794,-0.2308540000846443,J_GT_I,UNCERTAINTY_NOT_REPORTED,false,STUDY_TGT038,2FL_titer,J_GT_I,intermolecular self assembly|RIAD-RIDD + SpyCatcher-SpyTag|RIAD-RIDD + SpyCatcher-SpyTag|RIAD_RIDD,intermolecular self assembly|RIAD-RIDD + PDZ-PDZlig or SpyCatcher-SpyTag|RIAD-RIDD + PDZ-PDZlig or SpyCatcher-SpyTag|RIAD_RIDD,True,True,ARCHITECTURE_PRIOR_ELIGIBLE_NON_TIE
PAIR00230,SYS_TGT038,P1_in_vivo_shake_flask,P1_TGT038_EZJ19,P1_TGT038_EZJ28,-0.20531890797750652,0.03634184706372036,-0.24166075504122686,J_GT_I,UNCERTAINTY_NOT_REPORTED,false,STUDY_TGT038,2FL_titer,J_GT_I,intermolecular self assembly|RIAD-RIDD + SpyCatcher-SpyTag|RIAD-RIDD + SpyCatcher-SpyTag|RIAD_RIDD,intermolecular self assembly|RIAD-RIDD + PDZ-PDZlig or SpyCatcher-SpyTag|RIAD-RIDD + PDZ-PDZlig or SpyCatcher-SpyTag|RIAD_RIDD,True,True,ARCHITECTURE_PRIOR_ELIGIBLE_NON_TIE
PAIR00231,SYS_TGT038,P1_in_vivo_shake_flask,P1_TGT038_EZJ19,P1_TGT038_EZJ29,-0.20531890797750652,-0.0990100058311656,-0.10630890214634091,J_GT_I,UNCERTAINTY_NOT_REPORTED,false,STUDY_TGT038,2FL_titer,J_GT_I,intermolecular self assembly|RIAD-RIDD + SpyCatcher-SpyTag|RIAD-RIDD + SpyCatcher-SpyTag|RIAD_RIDD,intermolecular self assembly|RIAD-RIDD + PDZ-PDZlig or SpyCatcher-SpyTag|RIAD-RIDD + PDZ-PDZlig or SpyCatcher-SpyTag|RIAD_RIDD,True,True,ARCHITECTURE_PRIOR_ELIGIBLE_NON_TIE
PAIR00232,SYS_TGT038,P1_in_vivo_shake_flask,P1_TGT038_EZJ19,P1_TGT038_EZJS01,-0.20531890797750652,-0.12285674778553347,-0.08246216019197304,J_GT_I,UNCERTAINTY_NOT_REPORTED,false,STUDY_TGT038,2FL_titer,J_GT_I,intermolecular self assembly|RIAD-RIDD + SpyCatcher-SpyTag|RIAD-RIDD + SpyCatcher-SpyTag|RIAD_RIDD,intermolecular self assembly|RIAD-RIDD + SpyCatcher-SpyTag|RIAD-RIDD + SpyCatcher-SpyTag|RIAD_RIDD,True,True,ARCHITECTURE_PRIOR_ELIGIBLE_NON_TIE
PAIR00233,SYS_TGT038,P1_in_vivo_shake_flask,P1_TGT038_EZJ19,P1_TGT038_EZJS02,-0.20531890797750652,-0.7078192485066896,0.5025003405291831,I_GT_J,UNCERTAINTY_NOT_REPORTED,false,STUDY_TGT038,2FL_titer,I_GT_J,intermolecular self assembly|RIAD-RIDD + SpyCatcher-SpyTag|RIAD-RIDD + SpyCatcher-SpyTag|RIAD_RIDD,intermolecular self assembly|RIAD-RIDD + SpyCatcher-SpyTag|RIAD-RIDD + SpyCatcher-SpyTag|RIAD_RIDD,True,True,ARCHITECTURE_PRIOR_ELIGIBLE_NON_TIE
PAIR00234,SYS_TGT038,P1_in_vivo_shake_flask,P1_TGT038_EZJ19,P1_TGT038_EZJS03,-0.20531890797750652,-0.8333501305905484,0.6280312226130419,I_GT_J,UNCERTAINTY_NOT_REPORTED,false,STUDY_TGT038,2FL_titer,I_GT_J,intermolecular self assembly|RIAD-RIDD + SpyCatcher-SpyTag|RIAD-RIDD + SpyCatcher-SpyTag|RIAD_RIDD,intermolecular self assembly|RIAD-RIDD + SpyCatcher-SpyTag|RIAD-RIDD + SpyCatcher-SpyTag|RIAD_RIDD,True,True,ARCHITECTURE_PRIOR_ELIGIBLE_NON_TIE
PAIR00235,SYS_TGT038,P1_in_vivo_shake_flask,P1_TGT038_EZJ19,P1_TGT038_EZJS06,-0.20531890797750652,-0.3200890952235811,0.11477018724607457,I_GT_J,UNCERTAINTY_NOT_REPORTED,false,STUDY_TGT038,2FL_titer,I_GT_J,intermolecular self assembly|RIAD-RIDD + SpyCatcher-SpyTag|RIAD-RIDD + SpyCatcher-SpyTag|RIAD_RIDD,intermolecular self assembly|RIAD-RIDD + SpyCatcher-SpyTag|RIAD-RIDD + SpyCatcher-SpyTag|RIAD_RIDD,True,True,ARCHITECTURE_PRIOR_ELIGIBLE_NON_TIE
PAIR00236,SYS_TGT038,P1_in_vivo_shake_flask,P1_TGT038_EZJ19,P1_TGT038_EZJS07,-0.20531890797750652,-0.17176634826647993,-0.03355255971102658,J_GT_I,UNCERTAINTY_NOT_REPORTED,false,STUDY_TGT038,2FL_titer,J_GT_I,intermolecular self assembly|RIAD-RIDD + SpyCatcher-SpyTag|RIAD-RIDD + SpyCatcher-SpyTag|RIAD_RIDD,intermolecular self assembly|RIAD-RIDD + SpyCatcher-SpyTag|RIAD-RIDD + SpyCatcher-SpyTag|RIAD_RIDD,True,True,ARCHITECTURE_PRIOR_ELIGIBLE_NON_TIE
PAIR00237,SYS_TGT038,P1_in_vivo_shake_flask,P1_TGT038_EZJ19,P1_TGT038_EZJS08,-0.20531890797750652,-0.17176634826647993,-0.03355255971102658,J_GT_I,UNCERTAINTY_NOT_REPORTED,false,STUDY_TGT038,2FL_titer,J_GT_I,intermolecular self assembly|RIAD-RIDD + SpyCatcher-SpyTag|RIAD-RIDD + SpyCatcher-SpyTag|RIAD_RIDD,intermolecular self assembly|RIAD-RIDD + SpyCatcher-SpyTag|RIAD-RIDD + SpyCatcher-SpyTag|RIAD_RIDD,True,True,ARCHITECTURE_PRIOR_ELIGIBLE_NON_TIE
PAIR00238,SYS_TGT038,P1_in_vivo_shake_flask,P1_TGT038_EZJ19,P1_TGT038_EZJS09,-0.20531890797750652,-0.011083499129016173,-0.19423540884849033,J_GT_I,UNCERTAINTY_NOT_REPORTED,false,STUDY_TGT038,2FL_titer,J_GT_I,intermolecular self assembly|RIAD-RIDD + SpyCatcher-SpyTag|RIAD-RIDD + SpyCatcher-SpyTag|RIAD_RIDD,intermolecular self assembly|RIAD-RIDD + SpyCatcher-SpyTag|RIAD-RIDD + SpyCatcher-SpyTag|RIAD_RIDD,True,True,ARCHITECTURE_PRIOR_ELIGIBLE_NON_TIE
PAIR00239,SYS_TGT038,P1_in_vivo_shake_flask,P1_TGT038_EZJ20,P1_TGT038_EZJ21,-0.06396305873196502,-0.014797001928080552,-0.049166056803884466,J_GT_I,UNCERTAINTY_NOT_REPORTED,false,STUDY_TGT038,2FL_titer,J_GT_I,intermolecular self assembly|RIAD-RIDD + PDZ-PDZlig or SpyCatcher-SpyTag|RIAD-RIDD + PDZ-PDZlig or SpyCatcher-SpyTag|RIAD_RIDD,intermolecular self assembly|RIAD-RIDD + PDZ-PDZlig or SpyCatcher-SpyTag|RIAD-RIDD + PDZ-PDZlig or SpyCatcher-SpyTag|RIAD_RIDD,True,True,ARCHITECTURE_PRIOR_ELIGIBLE_NON_TIE
PAIR00240,SYS_TGT038,P1_in_vivo_shake_flask,P1_TGT038_EZJ20,P1_TGT038_EZJ22,-0.06396305873196502,0.23078020682916683,-0.29474326556113184,J_GT_I,UNCERTAINTY_NOT_REPORTED,false,STUDY_TGT038,2FL_titer,J_GT_I,intermolecular self assembly|RIAD-RIDD + PDZ-PDZlig or SpyCatcher-SpyTag|RIAD-RIDD + PDZ-PDZlig or SpyCatcher-SpyTag|RIAD_RIDD,intermolecular self assembly|RIAD-RIDD + PDZ-PDZlig or SpyCatcher-SpyTag|RIAD-RIDD + PDZ-PDZlig or SpyCatcher-SpyTag|RIAD_RIDD,True,True,ARCHITECTURE_PRIOR_ELIGIBLE_NON_TIE
PAIR00241,SYS_TGT038,P1_in_vivo_shake_flask,P1_TGT038_EZJ20,P1_TGT038_EZJ23,-0.06396305873196502,0.29218075149331035,-0.35614381022527536,J_GT_I,UNCERTAINTY_NOT_REPORTED,false,STUDY_TGT038,2FL_titer,J_GT_I,intermolecular self assembly|RIAD-RIDD + PDZ-PDZlig or SpyCatcher-SpyTag|RIAD-RIDD + PDZ-PDZlig or SpyCatcher-SpyTag|RIAD_RIDD,intermolecular self assembly|RIAD-RIDD + PDZ-PDZlig or SpyCatcher-SpyTag|RIAD-RIDD + PDZ-PDZlig or SpyCatcher-SpyTag|RIAD_RIDD,True,True,ARCHITECTURE_PRIOR_ELIGIBLE_NON_TIE
PAIR00242,SYS_TGT038,P1_in_vivo_shake_flask,P1_TGT038_EZJ20,P1_TGT038_EZJ24,-0.06396305873196502,-3.0911478880581953,3.0271848293262305,I_GT_J,UNCERTAINTY_NOT_REPORTED,false,STUDY_TGT038,2FL_titer,I_GT_J,intermolecular self assembly|RIAD-RIDD + PDZ-PDZlig or SpyCatcher-SpyTag|RIAD-RIDD + PDZ-PDZlig or SpyCatcher-SpyTag|RIAD_RIDD,intermolecular self assembly|RIAD-RIDD + PDZ-PDZlig or SpyCatcher-SpyTag|RIAD-RIDD + PDZ-PDZlig or SpyCatcher-SpyTag|RIAD_RIDD,True,True,ARCHITECTURE_PRIOR_ELIGIBLE_NON_TIE
PAIR00243,SYS_TGT038,P1_in_vivo_shake_flask,P1_TGT038_EZJ20,P1_TGT038_EZJ25,-0.06396305873196502,-0.732066794753367,0.6681037360214019,I_GT_J,UNCERTAINTY_NOT_REPORTED,false,STUDY_TGT038,2FL_titer,I_GT_J,intermolecular self assembly|RIAD-RIDD + PDZ-PDZlig or SpyCatcher-SpyTag|RIAD-RIDD + PDZ-PDZlig or SpyCatcher-SpyTag|RIAD_RIDD,intermolecular self assembly|RIAD-RIDD + PDZ-PDZlig or SpyCatcher-SpyTag|RIAD-RIDD + PDZ-PDZlig or SpyCatcher-SpyTag|RIAD_RIDD,True,True,ARCHITECTURE_PRIOR_ELIGIBLE_NON_TIE
PAIR00244,SYS_TGT038,P1_in_vivo_shake_flask,P1_TGT038_EZJ20,P1_TGT038_EZJ26,-0.06396305873196502,-0.011083499129016173,-0.05287955960294885,J_GT_I,UNCERTAINTY_NOT_REPORTED,false,STUDY_TGT038,2FL_titer,J_GT_I,intermolecular self assembly|RIAD-RIDD + PDZ-PDZlig or SpyCatcher-SpyTag|RIAD-RIDD + PDZ-PDZlig or SpyCatcher-SpyTag|RIAD_RIDD,intermolecular self assembly|RIAD-RIDD + PDZ-PDZlig or SpyCatcher-SpyTag|RIAD-RIDD + PDZ-PDZlig or SpyCatcher-SpyTag|RIAD_RIDD,True,True,ARCHITECTURE_PRIOR_ELIGIBLE_NON_TIE
PAIR00245,SYS_TGT038,P1_in_vivo_shake_flask,P1_TGT038_EZJ20,P1_TGT038_EZJ27,-0.06396305873196502,0.025535092107137794,-0.08949815083910281,J_GT_I,UNCERTAINTY_NOT_REPORTED,false,STUDY_TGT038,2FL_titer,J_GT_I,intermolecular self assembly|RIAD-RIDD + PDZ-PDZlig or SpyCatcher-SpyTag|RIAD-RIDD + PDZ-PDZlig or SpyCatcher-SpyTag|RIAD_RIDD,intermolecular self assembly|RIAD-RIDD + PDZ-PDZlig or SpyCatcher-SpyTag|RIAD-RIDD + PDZ-PDZlig or SpyCatcher-SpyTag|RIAD_RIDD,True,True,ARCHITECTURE_PRIOR_ELIGIBLE_NON_TIE
PAIR00246,SYS_TGT038,P1_in_vivo_shake_flask,P1_TGT038_EZJ20,P1_TGT038_EZJ28,-0.06396305873196502,0.03634184706372036,-0.10030490579568538,J_GT_I,UNCERTAINTY_NOT_REPORTED,false,STUDY_TGT038,2FL_titer,J_GT_I,intermolecular self assembly|RIAD-RIDD + PDZ-PDZlig or SpyCatcher-SpyTag|RIAD-RIDD + PDZ-PDZlig or SpyCatcher-SpyTag|RIAD_RIDD,intermolecular self assembly|RIAD-RIDD + PDZ-PDZlig or SpyCatcher-SpyTag|RIAD-RIDD + PDZ-PDZlig or SpyCatcher-SpyTag|RIAD_RIDD,True,True,ARCHITECTURE_PRIOR_ELIGIBLE_NON_TIE
PAIR00247,SYS_TGT038,P1_in_vivo_shake_flask,P1_TGT038_EZJ20,P1_TGT038_EZJ29,-0.06396305873196502,-0.0990100058311656,0.03504694709920059,I_GT_J,UNCERTAINTY_NOT_REPORTED,false,STUDY_TGT038,2FL_titer,I_GT_J,intermolecular self assembly|RIAD-RIDD + PDZ-PDZlig or SpyCatcher-SpyTag|RIAD-RIDD + PDZ-PDZlig or SpyCatcher-SpyTag|RIAD_RIDD,intermolecular self assembly|RIAD-RIDD + PDZ-PDZlig or SpyCatcher-SpyTag|RIAD-RIDD + PDZ-PDZlig or SpyCatcher-SpyTag|RIAD_RIDD,True,True,ARCHITECTURE_PRIOR_ELIGIBLE_NON_TIE
PAIR00248,SYS_TGT038,P1_in_vivo_shake_flask,P1_TGT038_EZJ20,P1_TGT038_EZJS01,-0.06396305873196502,-0.12285674778553347,0.058893689053568454,I_GT_J,UNCERTAINTY_NOT_REPORTED,false,STUDY_TGT038,2FL_titer,I_GT_J,intermolecular self assembly|RIAD-RIDD + PDZ-PDZlig or SpyCatcher-SpyTag|RIAD-RIDD + PDZ-PDZlig or SpyCatcher-SpyTag|RIAD_RIDD,intermolecular self assembly|RIAD-RIDD + SpyCatcher-SpyTag|RIAD-RIDD + SpyCatcher-SpyTag|RIAD_RIDD,True,True,ARCHITECTURE_PRIOR_ELIGIBLE_NON_TIE
PAIR00249,SYS_TGT038,P1_in_vivo_shake_flask,P1_TGT038_EZJ20,P1_TGT038_EZJS02,-0.06396305873196502,-0.7078192485066896,0.6438561897747246,I_GT_J,UNCERTAINTY_NOT_REPORTED,false,STUDY_TGT038,2FL_titer,I_GT_J,intermolecular self assembly|RIAD-RIDD + PDZ-PDZlig or SpyCatcher-SpyTag|RIAD-RIDD + PDZ-PDZlig or SpyCatcher-SpyTag|RIAD_RIDD,intermolecular self assembly|RIAD-RIDD + SpyCatcher-SpyTag|RIAD-RIDD + SpyCatcher-SpyTag|RIAD_RIDD,True,True,ARCHITECTURE_PRIOR_ELIGIBLE_NON_TIE
PAIR00250,SYS_TGT038,P1_in_vivo_shake_flask,P1_TGT038_EZJ20,P1_TGT038_EZJS03,-0.06396305873196502,-0.8333501305905484,0.7693870718585833,I_GT_J,UNCERTAINTY_NOT_REPORTED,false,STUDY_TGT038,2FL_titer,I_GT_J,intermolecular self assembly|RIAD-RIDD + PDZ-PDZlig or SpyCatcher-SpyTag|RIAD-RIDD + PDZ-PDZlig or SpyCatcher-SpyTag|RIAD_RIDD,intermolecular self assembly|RIAD-RIDD + SpyCatcher-SpyTag|RIAD-RIDD + SpyCatcher-SpyTag|RIAD_RIDD,True,True,ARCHITECTURE_PRIOR_ELIGIBLE_NON_TIE
PAIR00251,SYS_TGT038,P1_in_vivo_shake_flask,P1_TGT038_EZJ20,P1_TGT038_EZJS06,-0.06396305873196502,-0.3200890952235811,0.2561260364916161,I_GT_J,UNCERTAINTY_NOT_REPORTED,false,STUDY_TGT038,2FL_titer,I_GT_J,intermolecular self assembly|RIAD-RIDD + PDZ-PDZlig or SpyCatcher-SpyTag|RIAD-RIDD + PDZ-PDZlig or SpyCatcher-SpyTag|RIAD_RIDD,intermolecular self assembly|RIAD-RIDD + SpyCatcher-SpyTag|RIAD-RIDD + SpyCatcher-SpyTag|RIAD_RIDD,True,True,ARCHITECTURE_PRIOR_ELIGIBLE_NON_TIE
PAIR00252,SYS_TGT038,P1_in_vivo_shake_flask,P1_TGT038_EZJ20,P1_TGT038_EZJS07,-0.06396305873196502,-0.17176634826647993,0.10780328953451492,I_GT_J,UNCERTAINTY_NOT_REPORTED,false,STUDY_TGT038,2FL_titer,I_GT_J,intermolecular self assembly|RIAD-RIDD + PDZ-PDZlig or SpyCatcher-SpyTag|RIAD-RIDD + PDZ-PDZlig or SpyCatcher-SpyTag|RIAD_RIDD,intermolecular self assembly|RIAD-RIDD + SpyCatcher-SpyTag|RIAD-RIDD + SpyCatcher-SpyTag|RIAD_RIDD,True,True,ARCHITECTURE_PRIOR_ELIGIBLE_NON_TIE
PAIR00253,SYS_TGT038,P1_in_vivo_shake_flask,P1_TGT038_EZJ20,P1_TGT038_EZJS08,-0.06396305873196502,-0.17176634826647993,0.10780328953451492,I_GT_J,UNCERTAINTY_NOT_REPORTED,false,STUDY_TGT038,2FL_titer,I_GT_J,intermolecular self assembly|RIAD-RIDD + PDZ-PDZlig or SpyCatcher-SpyTag|RIAD-RIDD + PDZ-PDZlig or SpyCatcher-SpyTag|RIAD_RIDD,intermolecular self assembly|RIAD-RIDD + SpyCatcher-SpyTag|RIAD-RIDD + SpyCatcher-SpyTag|RIAD_RIDD,True,True,ARCHITECTURE_PRIOR_ELIGIBLE_NON_TIE
PAIR00254,SYS_TGT038,P1_in_vivo_shake_flask,P1_TGT038_EZJ20,P1_TGT038_EZJS09,-0.06396305873196502,-0.011083499129016173,-0.05287955960294885,J_GT_I,UNCERTAINTY_NOT_REPORTED,false,STUDY_TGT038,2FL_titer,J_GT_I,intermolecular self assembly|RIAD-RIDD + PDZ-PDZlig or SpyCatcher-SpyTag|RIAD-RIDD + PDZ-PDZlig or SpyCatcher-SpyTag|RIAD_RIDD,intermolecular self assembly|RIAD-RIDD + SpyCatcher-SpyTag|RIAD-RIDD + SpyCatcher-SpyTag|RIAD_RIDD,True,True,ARCHITECTURE_PRIOR_ELIGIBLE_NON_TIE
PAIR00255,SYS_TGT038,P1_in_vivo_shake_flask,P1_TGT038_EZJ21,P1_TGT038_EZJ22,-0.014797001928080552,0.23078020682916683,-0.2455772087572474,J_GT_I,UNCERTAINTY_NOT_REPORTED,false,STUDY_TGT038,2FL_titer,J_GT_I,intermolecular self assembly|RIAD-RIDD + PDZ-PDZlig or SpyCatcher-SpyTag|RIAD-RIDD + PDZ-PDZlig or SpyCatcher-SpyTag|RIAD_RIDD,intermolecular self assembly|RIAD-RIDD + PDZ-PDZlig or SpyCatcher-SpyTag|RIAD-RIDD + PDZ-PDZlig or SpyCatcher-SpyTag|RIAD_RIDD,True,True,ARCHITECTURE_PRIOR_ELIGIBLE_NON_TIE
PAIR00256,SYS_TGT038,P1_in_vivo_shake_flask,P1_TGT038_EZJ21,P1_TGT038_EZJ23,-0.014797001928080552,0.29218075149331035,-0.3069777534213909,J_GT_I,UNCERTAINTY_NOT_REPORTED,false,STUDY_TGT038,2FL_titer,J_GT_I,intermolecular self assembly|RIAD-RIDD + PDZ-PDZlig or SpyCatcher-SpyTag|RIAD-RIDD + PDZ-PDZlig or SpyCatcher-SpyTag|RIAD_RIDD,intermolecular self assembly|RIAD-RIDD + PDZ-PDZlig or SpyCatcher-SpyTag|RIAD-RIDD + PDZ-PDZlig or SpyCatcher-SpyTag|RIAD_RIDD,True,True,ARCHITECTURE_PRIOR_ELIGIBLE_NON_TIE
PAIR00257,SYS_TGT038,P1_in_vivo_shake_flask,P1_TGT038_EZJ21,P1_TGT038_EZJ24,-0.014797001928080552,-3.0911478880581953,3.0763508861301148,I_GT_J,UNCERTAINTY_NOT_REPORTED,false,STUDY_TGT038,2FL_titer,I_GT_J,intermolecular self assembly|RIAD-RIDD + PDZ-PDZlig or SpyCatcher-SpyTag|RIAD-RIDD + PDZ-PDZlig or SpyCatcher-SpyTag|RIAD_RIDD,intermolecular self assembly|RIAD-RIDD + PDZ-PDZlig or SpyCatcher-SpyTag|RIAD-RIDD + PDZ-PDZlig or SpyCatcher-SpyTag|RIAD_RIDD,True,True,ARCHITECTURE_PRIOR_ELIGIBLE_NON_TIE
PAIR00258,SYS_TGT038,P1_in_vivo_shake_flask,P1_TGT038_EZJ21,P1_TGT038_EZJ25,-0.014797001928080552,-0.732066794753367,0.7172697928252865,I_GT_J,UNCERTAINTY_NOT_REPORTED,false,STUDY_TGT038,2FL_titer,I_GT_J,intermolecular self assembly|RIAD-RIDD + PDZ-PDZlig or SpyCatcher-SpyTag|RIAD-RIDD + PDZ-PDZlig or SpyCatcher-SpyTag|RIAD_RIDD,intermolecular self assembly|RIAD-RIDD + PDZ-PDZlig or SpyCatcher-SpyTag|RIAD-RIDD + PDZ-PDZlig or SpyCatcher-SpyTag|RIAD_RIDD,True,True,ARCHITECTURE_PRIOR_ELIGIBLE_NON_TIE
PAIR00259,SYS_TGT038,P1_in_vivo_shake_flask,P1_TGT038_EZJ21,P1_TGT038_EZJ26,-0.014797001928080552,-0.011083499129016173,-0.0037135027990643794,J_GT_I,UNCERTAINTY_NOT_REPORTED,false,STUDY_TGT038,2FL_titer,J_GT_I,intermolecular self assembly|RIAD-RIDD + PDZ-PDZlig or SpyCatcher-SpyTag|RIAD-RIDD + PDZ-PDZlig or SpyCatcher-SpyTag|RIAD_RIDD,intermolecular self assembly|RIAD-RIDD + PDZ-PDZlig or SpyCatcher-SpyTag|RIAD-RIDD + PDZ-PDZlig or SpyCatcher-SpyTag|RIAD_RIDD,True,True,ARCHITECTURE_PRIOR_ELIGIBLE_NON_TIE
PAIR00260,SYS_TGT038,P1_in_vivo_shake_flask,P1_TGT038_EZJ21,P1_TGT038_EZJ27,-0.014797001928080552,0.025535092107137794,-0.04033209403521835,J_GT_I,UNCERTAINTY_NOT_REPORTED,false,STUDY_TGT038,2FL_titer,J_GT_I,intermolecular self assembly|RIAD-RIDD + PDZ-PDZlig or SpyCatcher-SpyTag|RIAD-RIDD + PDZ-PDZlig or SpyCatcher-SpyTag|RIAD_RIDD,intermolecular self assembly|RIAD-RIDD + PDZ-PDZlig or SpyCatcher-SpyTag|RIAD-RIDD + PDZ-PDZlig or SpyCatcher-SpyTag|RIAD_RIDD,True,True,ARCHITECTURE_PRIOR_ELIGIBLE_NON_TIE
PAIR00261,SYS_TGT038,P1_in_vivo_shake_flask,P1_TGT038_EZJ21,P1_TGT038_EZJ28,-0.014797001928080552,0.03634184706372036,-0.05113884899180091,J_GT_I,UNCERTAINTY_NOT_REPORTED,false,STUDY_TGT038,2FL_titer,J_GT_I,intermolecular self assembly|RIAD-RIDD + PDZ-PDZlig or SpyCatcher-SpyTag|RIAD-RIDD + PDZ-PDZlig or SpyCatcher-SpyTag|RIAD_RIDD,intermolecular self assembly|RIAD-RIDD + PDZ-PDZlig or SpyCatcher-SpyTag|RIAD-RIDD + PDZ-PDZlig or SpyCatcher-SpyTag|RIAD_RIDD,True,True,ARCHITECTURE_PRIOR_ELIGIBLE_NON_TIE
PAIR00262,SYS_TGT038,P1_in_vivo_shake_flask,P1_TGT038_EZJ21,P1_TGT038_EZJ29,-0.014797001928080552,-0.0990100058311656,0.08421300390308506,I_GT_J,UNCERTAINTY_NOT_REPORTED,false,STUDY_TGT038,2FL_titer,I_GT_J,intermolecular self assembly|RIAD-RIDD + PDZ-PDZlig or SpyCatcher-SpyTag|RIAD-RIDD + PDZ-PDZlig or SpyCatcher-SpyTag|RIAD_RIDD,intermolecular self assembly|RIAD-RIDD + PDZ-PDZlig or SpyCatcher-SpyTag|RIAD-RIDD + PDZ-PDZlig or SpyCatcher-SpyTag|RIAD_RIDD,True,True,ARCHITECTURE_PRIOR_ELIGIBLE_NON_TIE
PAIR00263,SYS_TGT038,P1_in_vivo_shake_flask,P1_TGT038_EZJ21,P1_TGT038_EZJS01,-0.014797001928080552,-0.12285674778553347,0.10805974585745293,I_GT_J,UNCERTAINTY_NOT_REPORTED,false,STUDY_TGT038,2FL_titer,I_GT_J,intermolecular self assembly|RIAD-RIDD + PDZ-PDZlig or SpyCatcher-SpyTag|RIAD-RIDD + PDZ-PDZlig or SpyCatcher-SpyTag|RIAD_RIDD,intermolecular self assembly|RIAD-RIDD + SpyCatcher-SpyTag|RIAD-RIDD + SpyCatcher-SpyTag|RIAD_RIDD,True,True,ARCHITECTURE_PRIOR_ELIGIBLE_NON_TIE
PAIR00264,SYS_TGT038,P1_in_vivo_shake_flask,P1_TGT038_EZJ21,P1_TGT038_EZJS02,-0.014797001928080552,-0.7078192485066896,0.6930222465786091,I_GT_J,UNCERTAINTY_NOT_REPORTED,false,STUDY_TGT038,2FL_titer,I_GT_J,intermolecular self assembly|RIAD-RIDD + PDZ-PDZlig or SpyCatcher-SpyTag|RIAD-RIDD + PDZ-PDZlig or SpyCatcher-SpyTag|RIAD_RIDD,intermolecular self assembly|RIAD-RIDD + SpyCatcher-SpyTag|RIAD-RIDD + SpyCatcher-SpyTag|RIAD_RIDD,True,True,ARCHITECTURE_PRIOR_ELIGIBLE_NON_TIE
PAIR00265,SYS_TGT038,P1_in_vivo_shake_flask,P1_TGT038_EZJ21,P1_TGT038_EZJS03,-0.014797001928080552,-0.8333501305905484,0.8185531286624679,I_GT_J,UNCERTAINTY_NOT_REPORTED,false,STUDY_TGT038,2FL_titer,I_GT_J,intermolecular self assembly|RIAD-RIDD + PDZ-PDZlig or SpyCatcher-SpyTag|RIAD-RIDD + PDZ-PDZlig or SpyCatcher-SpyTag|RIAD_RIDD,intermolecular self assembly|RIAD-RIDD + SpyCatcher-SpyTag|RIAD-RIDD + SpyCatcher-SpyTag|RIAD_RIDD,True,True,ARCHITECTURE_PRIOR_ELIGIBLE_NON_TIE
PAIR00266,SYS_TGT038,P1_in_vivo_shake_flask,P1_TGT038_EZJ21,P1_TGT038_EZJS06,-0.014797001928080552,-0.3200890952235811,0.30529209329550056,I_GT_J,UNCERTAINTY_NOT_REPORTED,false,STUDY_TGT038,2FL_titer,I_GT_J,intermolecular self assembly|RIAD-RIDD + PDZ-PDZlig or SpyCatcher-SpyTag|RIAD-RIDD + PDZ-PDZlig or SpyCatcher-SpyTag|RIAD_RIDD,intermolecular self assembly|RIAD-RIDD + SpyCatcher-SpyTag|RIAD-RIDD + SpyCatcher-SpyTag|RIAD_RIDD,True,True,ARCHITECTURE_PRIOR_ELIGIBLE_NON_TIE
PAIR00267,SYS_TGT038,P1_in_vivo_shake_flask,P1_TGT038_EZJ21,P1_TGT038_EZJS07,-0.014797001928080552,-0.17176634826647993,0.15696934633839937,I_GT_J,UNCERTAINTY_NOT_REPORTED,false,STUDY_TGT038,2FL_titer,I_GT_J,intermolecular self assembly|RIAD-RIDD + PDZ-PDZlig or SpyCatcher-SpyTag|RIAD-RIDD + PDZ-PDZlig or SpyCatcher-SpyTag|RIAD_RIDD,intermolecular self assembly|RIAD-RIDD + SpyCatcher-SpyTag|RIAD-RIDD + SpyCatcher-SpyTag|RIAD_RIDD,True,True,ARCHITECTURE_PRIOR_ELIGIBLE_NON_TIE
PAIR00268,SYS_TGT038,P1_in_vivo_shake_flask,P1_TGT038_EZJ21,P1_TGT038_EZJS08,-0.014797001928080552,-0.17176634826647993,0.15696934633839937,I_GT_J,UNCERTAINTY_NOT_REPORTED,false,STUDY_TGT038,2FL_titer,I_GT_J,intermolecular self assembly|RIAD-RIDD + PDZ-PDZlig or SpyCatcher-SpyTag|RIAD-RIDD + PDZ-PDZlig or SpyCatcher-SpyTag|RIAD_RIDD,intermolecular self assembly|RIAD-RIDD + SpyCatcher-SpyTag|RIAD-RIDD + SpyCatcher-SpyTag|RIAD_RIDD,True,True,ARCHITECTURE_PRIOR_ELIGIBLE_NON_TIE
PAIR00269,SYS_TGT038,P1_in_vivo_shake_flask,P1_TGT038_EZJ21,P1_TGT038_EZJS09,-0.014797001928080552,-0.011083499129016173,-0.0037135027990643794,J_GT_I,UNCERTAINTY_NOT_REPORTED,false,STUDY_TGT038,2FL_titer,J_GT_I,intermolecular self assembly|RIAD-RIDD + PDZ-PDZlig or SpyCatcher-SpyTag|RIAD-RIDD + PDZ-PDZlig or SpyCatcher-SpyTag|RIAD_RIDD,intermolecular self assembly|RIAD-RIDD + SpyCatcher-SpyTag|RIAD-RIDD + SpyCatcher-SpyTag|RIAD_RIDD,True,True,ARCHITECTURE_PRIOR_ELIGIBLE_NON_TIE
PAIR00270,SYS_TGT038,P1_in_vivo_shake_flask,P1_TGT038_EZJ22,P1_TGT038_EZJ23,0.23078020682916683,0.29218075149331035,-0.06140054466414352,J_GT_I,UNCERTAINTY_NOT_REPORTED,false,STUDY_TGT038,2FL_titer,J_GT_I,intermolecular self assembly|RIAD-RIDD + PDZ-PDZlig or SpyCatcher-SpyTag|RIAD-RIDD + PDZ-PDZlig or SpyCatcher-SpyTag|RIAD_RIDD,intermolecular self assembly|RIAD-RIDD + PDZ-PDZlig or SpyCatcher-SpyTag|RIAD-RIDD + PDZ-PDZlig or SpyCatcher-SpyTag|RIAD_RIDD,True,True,ARCHITECTURE_PRIOR_ELIGIBLE_NON_TIE
PAIR00271,SYS_TGT038,P1_in_vivo_shake_flask,P1_TGT038_EZJ22,P1_TGT038_EZJ24,0.23078020682916683,-3.0911478880581953,3.321928094887362,I_GT_J,UNCERTAINTY_NOT_REPORTED,false,STUDY_TGT038,2FL_titer,I_GT_J,intermolecular self assembly|RIAD-RIDD + PDZ-PDZlig or SpyCatcher-SpyTag|RIAD-RIDD + PDZ-PDZlig or SpyCatcher-SpyTag|RIAD_RIDD,intermolecular self assembly|RIAD-RIDD + PDZ-PDZlig or SpyCatcher-SpyTag|RIAD-RIDD + PDZ-PDZlig or SpyCatcher-SpyTag|RIAD_RIDD,True,True,ARCHITECTURE_PRIOR_ELIGIBLE_NON_TIE
PAIR00272,SYS_TGT038,P1_in_vivo_shake_flask,P1_TGT038_EZJ22,P1_TGT038_EZJ25,0.23078020682916683,-0.732066794753367,0.9628470015825339,I_GT_J,UNCERTAINTY_NOT_REPORTED,false,STUDY_TGT038,2FL_titer,I_GT_J,intermolecular self assembly|RIAD-RIDD + PDZ-PDZlig or SpyCatcher-SpyTag|RIAD-RIDD + PDZ-PDZlig or SpyCatcher-SpyTag|RIAD_RIDD,intermolecular self assembly|RIAD-RIDD + PDZ-PDZlig or SpyCatcher-SpyTag|RIAD-RIDD + PDZ-PDZlig or SpyCatcher-SpyTag|RIAD_RIDD,True,True,ARCHITECTURE_PRIOR_ELIGIBLE_NON_TIE
PAIR00273,SYS_TGT038,P1_in_vivo_shake_flask,P1_TGT038_EZJ22,P1_TGT038_EZJ26,0.23078020682916683,-0.011083499129016173,0.24186370595818302,I_GT_J,UNCERTAINTY_NOT_REPORTED,false,STUDY_TGT038,2FL_titer,I_GT_J,intermolecular self assembly|RIAD-RIDD + PDZ-PDZlig or SpyCatcher-SpyTag|RIAD-RIDD + PDZ-PDZlig or SpyCatcher-SpyTag|RIAD_RIDD,intermolecular self assembly|RIAD-RIDD + PDZ-PDZlig or SpyCatcher-SpyTag|RIAD-RIDD + PDZ-PDZlig or SpyCatcher-SpyTag|RIAD_RIDD,True,True,ARCHITECTURE_PRIOR_ELIGIBLE_NON_TIE
PAIR00274,SYS_TGT038,P1_in_vivo_shake_flask,P1_TGT038_EZJ22,P1_TGT038_EZJ27,0.23078020682916683,0.025535092107137794,0.20524511472202905,I_GT_J,UNCERTAINTY_NOT_REPORTED,false,STUDY_TGT038,2FL_titer,I_GT_J,intermolecular self assembly|RIAD-RIDD + PDZ-PDZlig or SpyCatcher-SpyTag|RIAD-RIDD + PDZ-PDZlig or SpyCatcher-SpyTag|RIAD_RIDD,intermolecular self assembly|RIAD-RIDD + PDZ-PDZlig or SpyCatcher-SpyTag|RIAD-RIDD + PDZ-PDZlig or SpyCatcher-SpyTag|RIAD_RIDD,True,True,ARCHITECTURE_PRIOR_ELIGIBLE_NON_TIE
PAIR00275,SYS_TGT038,P1_in_vivo_shake_flask,P1_TGT038_EZJ22,P1_TGT038_EZJ28,0.23078020682916683,0.03634184706372036,0.1944383597654465,I_GT_J,UNCERTAINTY_NOT_REPORTED,false,STUDY_TGT038,2FL_titer,I_GT_J,intermolecular self assembly|RIAD-RIDD + PDZ-PDZlig or SpyCatcher-SpyTag|RIAD-RIDD + PDZ-PDZlig or SpyCatcher-SpyTag|RIAD_RIDD,intermolecular self assembly|RIAD-RIDD + PDZ-PDZlig or SpyCatcher-SpyTag|RIAD-RIDD + PDZ-PDZlig or SpyCatcher-SpyTag|RIAD_RIDD,True,True,ARCHITECTURE_PRIOR_ELIGIBLE_NON_TIE
PAIR00276,SYS_TGT038,P1_in_vivo_shake_flask,P1_TGT038_EZJ22,P1_TGT038_EZJ29,0.23078020682916683,-0.0990100058311656,0.3297902126603324,I_GT_J,UNCERTAINTY_NOT_REPORTED,false,STUDY_TGT038,2FL_titer,I_GT_J,intermolecular self assembly|RIAD-RIDD + PDZ-PDZlig or SpyCatcher-SpyTag|RIAD-RIDD + PDZ-PDZlig or SpyCatcher-SpyTag|RIAD_RIDD,intermolecular self assembly|RIAD-RIDD + PDZ-PDZlig or SpyCatcher-SpyTag|RIAD-RIDD + PDZ-PDZlig or SpyCatcher-SpyTag|RIAD_RIDD,True,True,ARCHITECTURE_PRIOR_ELIGIBLE_NON_TIE
PAIR00277,SYS_TGT038,P1_in_vivo_shake_flask,P1_TGT038_EZJ22,P1_TGT038_EZJS01,0.23078020682916683,-0.12285674778553347,0.3536369546147003,I_GT_J,UNCERTAINTY_NOT_REPORTED,false,STUDY_TGT038,2FL_titer,I_GT_J,intermolecular self assembly|RIAD-RIDD + PDZ-PDZlig or SpyCatcher-SpyTag|RIAD-RIDD + PDZ-PDZlig or SpyCatcher-SpyTag|RIAD_RIDD,intermolecular self assembly|RIAD-RIDD + SpyCatcher-SpyTag|RIAD-RIDD + SpyCatcher-SpyTag|RIAD_RIDD,True,True,ARCHITECTURE_PRIOR_ELIGIBLE_NON_TIE
PAIR00278,SYS_TGT038,P1_in_vivo_shake_flask,P1_TGT038_EZJ22,P1_TGT038_EZJS02,0.23078020682916683,-0.7078192485066896,0.9385994553358565,I_GT_J,UNCERTAINTY_NOT_REPORTED,false,STUDY_TGT038,2FL_titer,I_GT_J,intermolecular self assembly|RIAD-RIDD + PDZ-PDZlig or SpyCatcher-SpyTag|RIAD-RIDD + PDZ-PDZlig or SpyCatcher-SpyTag|RIAD_RIDD,intermolecular self assembly|RIAD-RIDD + SpyCatcher-SpyTag|RIAD-RIDD + SpyCatcher-SpyTag|RIAD_RIDD,True,True,ARCHITECTURE_PRIOR_ELIGIBLE_NON_TIE
PAIR00279,SYS_TGT038,P1_in_vivo_shake_flask,P1_TGT038_EZJ22,P1_TGT038_EZJS03,0.23078020682916683,-0.8333501305905484,1.0641303374197153,I_GT_J,UNCERTAINTY_NOT_REPORTED,false,STUDY_TGT038,2FL_titer,I_GT_J,intermolecular self assembly|RIAD-RIDD + PDZ-PDZlig or SpyCatcher-SpyTag|RIAD-RIDD + PDZ-PDZlig or SpyCatcher-SpyTag|RIAD_RIDD,intermolecular self assembly|RIAD-RIDD + SpyCatcher-SpyTag|RIAD-RIDD + SpyCatcher-SpyTag|RIAD_RIDD,True,True,ARCHITECTURE_PRIOR_ELIGIBLE_NON_TIE
PAIR00280,SYS_TGT038,P1_in_vivo_shake_flask,P1_TGT038_EZJ22,P1_TGT038_EZJS06,0.23078020682916683,-0.3200890952235811,0.550869302052748,I_GT_J,UNCERTAINTY_NOT_REPORTED,false,STUDY_TGT038,2FL_titer,I_GT_J,intermolecular self assembly|RIAD-RIDD + PDZ-PDZlig or SpyCatcher-SpyTag|RIAD-RIDD + PDZ-PDZlig or SpyCatcher-SpyTag|RIAD_RIDD,intermolecular self assembly|RIAD-RIDD + SpyCatcher-SpyTag|RIAD-RIDD + SpyCatcher-SpyTag|RIAD_RIDD,True,True,ARCHITECTURE_PRIOR_ELIGIBLE_NON_TIE
PAIR00281,SYS_TGT038,P1_in_vivo_shake_flask,P1_TGT038_EZJ22,P1_TGT038_EZJS07,0.23078020682916683,-0.17176634826647993,0.40254655509564674,I_GT_J,UNCERTAINTY_NOT_REPORTED,false,STUDY_TGT038,2FL_titer,I_GT_J,intermolecular self assembly|RIAD-RIDD + PDZ-PDZlig or SpyCatcher-SpyTag|RIAD-RIDD + PDZ-PDZlig or SpyCatcher-SpyTag|RIAD_RIDD,intermolecular self assembly|RIAD-RIDD + SpyCatcher-SpyTag|RIAD-RIDD + SpyCatcher-SpyTag|RIAD_RIDD,True,True,ARCHITECTURE_PRIOR_ELIGIBLE_NON_TIE
PAIR00282,SYS_TGT038,P1_in_vivo_shake_flask,P1_TGT038_EZJ22,P1_TGT038_EZJS08,0.23078020682916683,-0.17176634826647993,0.40254655509564674,I_GT_J,UNCERTAINTY_NOT_REPORTED,false,STUDY_TGT038,2FL_titer,I_GT_J,intermolecular self assembly|RIAD-RIDD + PDZ-PDZlig or SpyCatcher-SpyTag|RIAD-RIDD + PDZ-PDZlig or SpyCatcher-SpyTag|RIAD_RIDD,intermolecular self assembly|RIAD-RIDD + SpyCatcher-SpyTag|RIAD-RIDD + SpyCatcher-SpyTag|RIAD_RIDD,True,True,ARCHITECTURE_PRIOR_ELIGIBLE_NON_TIE
PAIR00283,SYS_TGT038,P1_in_vivo_shake_flask,P1_TGT038_EZJ22,P1_TGT038_EZJS09,0.23078020682916683,-0.011083499129016173,0.24186370595818302,I_GT_J,UNCERTAINTY_NOT_REPORTED,false,STUDY_TGT038,2FL_titer,I_GT_J,intermolecular self assembly|RIAD-RIDD + PDZ-PDZlig or SpyCatcher-SpyTag|RIAD-RIDD + PDZ-PDZlig or SpyCatcher-SpyTag|RIAD_RIDD,intermolecular self assembly|RIAD-RIDD + SpyCatcher-SpyTag|RIAD-RIDD + SpyCatcher-SpyTag|RIAD_RIDD,True,True,ARCHITECTURE_PRIOR_ELIGIBLE_NON_TIE
PAIR00284,SYS_TGT038,P1_in_vivo_shake_flask,P1_TGT038_EZJ23,P1_TGT038_EZJ24,0.29218075149331035,-3.0911478880581953,3.3833286395515056,I_GT_J,UNCERTAINTY_NOT_REPORTED,false,STUDY_TGT038,2FL_titer,I_GT_J,intermolecular self assembly|RIAD-RIDD + PDZ-PDZlig or SpyCatcher-SpyTag|RIAD-RIDD + PDZ-PDZlig or SpyCatcher-SpyTag|RIAD_RIDD,intermolecular self assembly|RIAD-RIDD + PDZ-PDZlig or SpyCatcher-SpyTag|RIAD-RIDD + PDZ-PDZlig or SpyCatcher-SpyTag|RIAD_RIDD,True,True,ARCHITECTURE_PRIOR_ELIGIBLE_NON_TIE
PAIR00285,SYS_TGT038,P1_in_vivo_shake_flask,P1_TGT038_EZJ23,P1_TGT038_EZJ25,0.29218075149331035,-0.732066794753367,1.0242475462466774,I_GT_J,UNCERTAINTY_NOT_REPORTED,false,STUDY_TGT038,2FL_titer,I_GT_J,intermolecular self assembly|RIAD-RIDD + PDZ-PDZlig or SpyCatcher-SpyTag|RIAD-RIDD + PDZ-PDZlig or SpyCatcher-SpyTag|RIAD_RIDD,intermolecular self assembly|RIAD-RIDD + PDZ-PDZlig or SpyCatcher-SpyTag|RIAD-RIDD + PDZ-PDZlig or SpyCatcher-SpyTag|RIAD_RIDD,True,True,ARCHITECTURE_PRIOR_ELIGIBLE_NON_TIE
PAIR00286,SYS_TGT038,P1_in_vivo_shake_flask,P1_TGT038_EZJ23,P1_TGT038_EZJ26,0.29218075149331035,-0.011083499129016173,0.30326425062232654,I_GT_J,UNCERTAINTY_NOT_REPORTED,false,STUDY_TGT038,2FL_titer,I_GT_J,intermolecular self assembly|RIAD-RIDD + PDZ-PDZlig or SpyCatcher-SpyTag|RIAD-RIDD + PDZ-PDZlig or SpyCatcher-SpyTag|RIAD_RIDD,intermolecular self assembly|RIAD-RIDD + PDZ-PDZlig or SpyCatcher-SpyTag|RIAD-RIDD + PDZ-PDZlig or SpyCatcher-SpyTag|RIAD_RIDD,True,True,ARCHITECTURE_PRIOR_ELIGIBLE_NON_TIE
PAIR00287,SYS_TGT038,P1_in_vivo_shake_flask,P1_TGT038_EZJ23,P1_TGT038_EZJ27,0.29218075149331035,0.025535092107137794,0.2666456593861726,I_GT_J,UNCERTAINTY_NOT_REPORTED,false,STUDY_TGT038,2FL_titer,I_GT_J,intermolecular self assembly|RIAD-RIDD + PDZ-PDZlig or SpyCatcher-SpyTag|RIAD-RIDD + PDZ-PDZlig or SpyCatcher-SpyTag|RIAD_RIDD,intermolecular self assembly|RIAD-RIDD + PDZ-PDZlig or SpyCatcher-SpyTag|RIAD-RIDD + PDZ-PDZlig or SpyCatcher-SpyTag|RIAD_RIDD,True,True,ARCHITECTURE_PRIOR_ELIGIBLE_NON_TIE
PAIR00288,SYS_TGT038,P1_in_vivo_shake_flask,P1_TGT038_EZJ23,P1_TGT038_EZJ28,0.29218075149331035,0.03634184706372036,0.25583890442959,I_GT_J,UNCERTAINTY_NOT_REPORTED,false,STUDY_TGT038,2FL_titer,I_GT_J,intermolecular self assembly|RIAD-RIDD + PDZ-PDZlig or SpyCatcher-SpyTag|RIAD-RIDD + PDZ-PDZlig or SpyCatcher-SpyTag|RIAD_RIDD,intermolecular self assembly|RIAD-RIDD + PDZ-PDZlig or SpyCatcher-SpyTag|RIAD-RIDD + PDZ-PDZlig or SpyCatcher-SpyTag|RIAD_RIDD,True,True,ARCHITECTURE_PRIOR_ELIGIBLE_NON_TIE
PAIR00289,SYS_TGT038,P1_in_vivo_shake_flask,P1_TGT038_EZJ23,P1_TGT038_EZJ29,0.29218075149331035,-0.0990100058311656,0.39119075732447595,I_GT_J,UNCERTAINTY_NOT_REPORTED,false,STUDY_TGT038,2FL_titer,I_GT_J,intermolecular self assembly|RIAD-RIDD + PDZ-PDZlig or SpyCatcher-SpyTag|RIAD-RIDD + PDZ-PDZlig or SpyCatcher-SpyTag|RIAD_RIDD,intermolecular self assembly|RIAD-RIDD + PDZ-PDZlig or SpyCatcher-SpyTag|RIAD-RIDD + PDZ-PDZlig or SpyCatcher-SpyTag|RIAD_RIDD,True,True,ARCHITECTURE_PRIOR_ELIGIBLE_NON_TIE
PAIR00290,SYS_TGT038,P1_in_vivo_shake_flask,P1_TGT038_EZJ23,P1_TGT038_EZJS01,0.29218075149331035,-0.12285674778553347,0.4150374992788438,I_GT_J,UNCERTAINTY_NOT_REPORTED,false,STUDY_TGT038,2FL_titer,I_GT_J,intermolecular self assembly|RIAD-RIDD + PDZ-PDZlig or SpyCatcher-SpyTag|RIAD-RIDD + PDZ-PDZlig or SpyCatcher-SpyTag|RIAD_RIDD,intermolecular self assembly|RIAD-RIDD + SpyCatcher-SpyTag|RIAD-RIDD + SpyCatcher-SpyTag|RIAD_RIDD,True,True,ARCHITECTURE_PRIOR_ELIGIBLE_NON_TIE
PAIR00291,SYS_TGT038,P1_in_vivo_shake_flask,P1_TGT038_EZJ23,P1_TGT038_EZJS02,0.29218075149331035,-0.7078192485066896,1.0,I_GT_J,UNCERTAINTY_NOT_REPORTED,false,STUDY_TGT038,2FL_titer,I_GT_J,intermolecular self assembly|RIAD-RIDD + PDZ-PDZlig or SpyCatcher-SpyTag|RIAD-RIDD + PDZ-PDZlig or SpyCatcher-SpyTag|RIAD_RIDD,intermolecular self assembly|RIAD-RIDD + SpyCatcher-SpyTag|RIAD-RIDD + SpyCatcher-SpyTag|RIAD_RIDD,True,True,ARCHITECTURE_PRIOR_ELIGIBLE_NON_TIE
PAIR00292,SYS_TGT038,P1_in_vivo_shake_flask,P1_TGT038_EZJ23,P1_TGT038_EZJS03,0.29218075149331035,-0.8333501305905484,1.1255308820838588,I_GT_J,UNCERTAINTY_NOT_REPORTED,false,STUDY_TGT038,2FL_titer,I_GT_J,intermolecular self assembly|RIAD-RIDD + PDZ-PDZlig or SpyCatcher-SpyTag|RIAD-RIDD + PDZ-PDZlig or SpyCatcher-SpyTag|RIAD_RIDD,intermolecular self assembly|RIAD-RIDD + SpyCatcher-SpyTag|RIAD-RIDD + SpyCatcher-SpyTag|RIAD_RIDD,True,True,ARCHITECTURE_PRIOR_ELIGIBLE_NON_TIE
PAIR00293,SYS_TGT038,P1_in_vivo_shake_flask,P1_TGT038_EZJ23,P1_TGT038_EZJS06,0.29218075149331035,-0.3200890952235811,0.6122698467168914,I_GT_J,UNCERTAINTY_NOT_REPORTED,false,STUDY_TGT038,2FL_titer,I_GT_J,intermolecular self assembly|RIAD-RIDD + PDZ-PDZlig or SpyCatcher-SpyTag|RIAD-RIDD + PDZ-PDZlig or SpyCatcher-SpyTag|RIAD_RIDD,intermolecular self assembly|RIAD-RIDD + SpyCatcher-SpyTag|RIAD-RIDD + SpyCatcher-SpyTag|RIAD_RIDD,True,True,ARCHITECTURE_PRIOR_ELIGIBLE_NON_TIE
PAIR00294,SYS_TGT038,P1_in_vivo_shake_flask,P1_TGT038_EZJ23,P1_TGT038_EZJS07,0.29218075149331035,-0.17176634826647993,0.4639470997597903,I_GT_J,UNCERTAINTY_NOT_REPORTED,false,STUDY_TGT038,2FL_titer,I_GT_J,intermolecular self assembly|RIAD-RIDD + PDZ-PDZlig or SpyCatcher-SpyTag|RIAD-RIDD + PDZ-PDZlig or SpyCatcher-SpyTag|RIAD_RIDD,intermolecular self assembly|RIAD-RIDD + SpyCatcher-SpyTag|RIAD-RIDD + SpyCatcher-SpyTag|RIAD_RIDD,True,True,ARCHITECTURE_PRIOR_ELIGIBLE_NON_TIE
PAIR00295,SYS_TGT038,P1_in_vivo_shake_flask,P1_TGT038_EZJ23,P1_TGT038_EZJS08,0.29218075149331035,-0.17176634826647993,0.4639470997597903,I_GT_J,UNCERTAINTY_NOT_REPORTED,false,STUDY_TGT038,2FL_titer,I_GT_J,intermolecular self assembly|RIAD-RIDD + PDZ-PDZlig or SpyCatcher-SpyTag|RIAD-RIDD + PDZ-PDZlig or SpyCatcher-SpyTag|RIAD_RIDD,intermolecular self assembly|RIAD-RIDD + SpyCatcher-SpyTag|RIAD-RIDD + SpyCatcher-SpyTag|RIAD_RIDD,True,True,ARCHITECTURE_PRIOR_ELIGIBLE_NON_TIE
PAIR00296,SYS_TGT038,P1_in_vivo_shake_flask,P1_TGT038_EZJ23,P1_TGT038_EZJS09,0.29218075149331035,-0.011083499129016173,0.30326425062232654,I_GT_J,UNCERTAINTY_NOT_REPORTED,false,STUDY_TGT038,2FL_titer,I_GT_J,intermolecular self assembly|RIAD-RIDD + PDZ-PDZlig or SpyCatcher-SpyTag|RIAD-RIDD + PDZ-PDZlig or SpyCatcher-SpyTag|RIAD_RIDD,intermolecular self assembly|RIAD-RIDD + SpyCatcher-SpyTag|RIAD-RIDD + SpyCatcher-SpyTag|RIAD_RIDD,True,True,ARCHITECTURE_PRIOR_ELIGIBLE_NON_TIE
PAIR00297,SYS_TGT038,P1_in_vivo_shake_flask,P1_TGT038_EZJ24,P1_TGT038_EZJ25,-3.0911478880581953,-0.732066794753367,-2.3590810933048285,J_GT_I,UNCERTAINTY_NOT_REPORTED,false,STUDY_TGT038,2FL_titer,J_GT_I,intermolecular self assembly|RIAD-RIDD + PDZ-PDZlig or SpyCatcher-SpyTag|RIAD-RIDD + PDZ-PDZlig or SpyCatcher-SpyTag|RIAD_RIDD,intermolecular self assembly|RIAD-RIDD + PDZ-PDZlig or SpyCatcher-SpyTag|RIAD-RIDD + PDZ-PDZlig or SpyCatcher-SpyTag|RIAD_RIDD,True,True,ARCHITECTURE_PRIOR_ELIGIBLE_NON_TIE
PAIR00298,SYS_TGT038,P1_in_vivo_shake_flask,P1_TGT038_EZJ24,P1_TGT038_EZJ26,-3.0911478880581953,-0.011083499129016173,-3.080064388929179,J_GT_I,UNCERTAINTY_NOT_REPORTED,false,STUDY_TGT038,2FL_titer,J_GT_I,intermolecular self assembly|RIAD-RIDD + PDZ-PDZlig or SpyCatcher-SpyTag|RIAD-RIDD + PDZ-PDZlig or SpyCatcher-SpyTag|RIAD_RIDD,intermolecular self assembly|RIAD-RIDD + PDZ-PDZlig or SpyCatcher-SpyTag|RIAD-RIDD + PDZ-PDZlig or SpyCatcher-SpyTag|RIAD_RIDD,True,True,ARCHITECTURE_PRIOR_ELIGIBLE_NON_TIE
PAIR00299,SYS_TGT038,P1_in_vivo_shake_flask,P1_TGT038_EZJ24,P1_TGT038_EZJ27,-3.0911478880581953,0.025535092107137794,-3.1166829801653333,J_GT_I,UNCERTAINTY_NOT_REPORTED,false,STUDY_TGT038,2FL_titer,J_GT_I,intermolecular self assembly|RIAD-RIDD + PDZ-PDZlig or SpyCatcher-SpyTag|RIAD-RIDD + PDZ-PDZlig or SpyCatcher-SpyTag|RIAD_RIDD,intermolecular self assembly|RIAD-RIDD + PDZ-PDZlig or SpyCatcher-SpyTag|RIAD-RIDD + PDZ-PDZlig or SpyCatcher-SpyTag|RIAD_RIDD,True,True,ARCHITECTURE_PRIOR_ELIGIBLE_NON_TIE
PAIR00300,SYS_TGT038,P1_in_vivo_shake_flask,P1_TGT038_EZJ24,P1_TGT038_EZJ28,-3.0911478880581953,0.03634184706372036,-3.1274897351219155,J_GT_I,UNCERTAINTY_NOT_REPORTED,false,STUDY_TGT038,2FL_titer,J_GT_I,intermolecular self assembly|RIAD-RIDD + PDZ-PDZlig or SpyCatcher-SpyTag|RIAD-RIDD + PDZ-PDZlig or SpyCatcher-SpyTag|RIAD_RIDD,intermolecular self assembly|RIAD-RIDD + PDZ-PDZlig or SpyCatcher-SpyTag|RIAD-RIDD + PDZ-PDZlig or SpyCatcher-SpyTag|RIAD_RIDD,True,True,ARCHITECTURE_PRIOR_ELIGIBLE_NON_TIE
PAIR00301,SYS_TGT038,P1_in_vivo_shake_flask,P1_TGT038_EZJ24,P1_TGT038_EZJ29,-3.0911478880581953,-0.0990100058311656,-2.9921378822270297,J_GT_I,UNCERTAINTY_NOT_REPORTED,false,STUDY_TGT038,2FL_titer,J_GT_I,intermolecular self assembly|RIAD-RIDD + PDZ-PDZlig or SpyCatcher-SpyTag|RIAD-RIDD + PDZ-PDZlig or SpyCatcher-SpyTag|RIAD_RIDD,intermolecular self assembly|RIAD-RIDD + PDZ-PDZlig or SpyCatcher-SpyTag|RIAD-RIDD + PDZ-PDZlig or SpyCatcher-SpyTag|RIAD_RIDD,True,True,ARCHITECTURE_PRIOR_ELIGIBLE_NON_TIE
PAIR00302,SYS_TGT038,P1_in_vivo_shake_flask,P1_TGT038_EZJ24,P1_TGT038_EZJS01,-3.0911478880581953,-0.12285674778553347,-2.9682911402726617,J_GT_I,UNCERTAINTY_NOT_REPORTED,false,STUDY_TGT038,2FL_titer,J_GT_I,intermolecular self assembly|RIAD-RIDD + PDZ-PDZlig or SpyCatcher-SpyTag|RIAD-RIDD + PDZ-PDZlig or SpyCatcher-SpyTag|RIAD_RIDD,intermolecular self assembly|RIAD-RIDD + SpyCatcher-SpyTag|RIAD-RIDD + SpyCatcher-SpyTag|RIAD_RIDD,True,True,ARCHITECTURE_PRIOR_ELIGIBLE_NON_TIE
PAIR00303,SYS_TGT038,P1_in_vivo_shake_flask,P1_TGT038_EZJ24,P1_TGT038_EZJS02,-3.0911478880581953,-0.7078192485066896,-2.3833286395515056,J_GT_I,UNCERTAINTY_NOT_REPORTED,false,STUDY_TGT038,2FL_titer,J_GT_I,intermolecular self assembly|RIAD-RIDD + PDZ-PDZlig or SpyCatcher-SpyTag|RIAD-RIDD + PDZ-PDZlig or SpyCatcher-SpyTag|RIAD_RIDD,intermolecular self assembly|RIAD-RIDD + SpyCatcher-SpyTag|RIAD-RIDD + SpyCatcher-SpyTag|RIAD_RIDD,True,True,ARCHITECTURE_PRIOR_ELIGIBLE_NON_TIE
PAIR00304,SYS_TGT038,P1_in_vivo_shake_flask,P1_TGT038_EZJ24,P1_TGT038_EZJS03,-3.0911478880581953,-0.8333501305905484,-2.257797757467647,J_GT_I,UNCERTAINTY_NOT_REPORTED,false,STUDY_TGT038,2FL_titer,J_GT_I,intermolecular self assembly|RIAD-RIDD + PDZ-PDZlig or SpyCatcher-SpyTag|RIAD-RIDD + PDZ-PDZlig or SpyCatcher-SpyTag|RIAD_RIDD,intermolecular self assembly|RIAD-RIDD + SpyCatcher-SpyTag|RIAD-RIDD + SpyCatcher-SpyTag|RIAD_RIDD,True,True,ARCHITECTURE_PRIOR_ELIGIBLE_NON_TIE
PAIR00305,SYS_TGT038,P1_in_vivo_shake_flask,P1_TGT038_EZJ24,P1_TGT038_EZJS06,-3.0911478880581953,-0.3200890952235811,-2.771058792834614,J_GT_I,UNCERTAINTY_NOT_REPORTED,false,STUDY_TGT038,2FL_titer,J_GT_I,intermolecular self assembly|RIAD-RIDD + PDZ-PDZlig or SpyCatcher-SpyTag|RIAD-RIDD + PDZ-PDZlig or SpyCatcher-SpyTag|RIAD_RIDD,intermolecular self assembly|RIAD-RIDD + SpyCatcher-SpyTag|RIAD-RIDD + SpyCatcher-SpyTag|RIAD_RIDD,True,True,ARCHITECTURE_PRIOR_ELIGIBLE_NON_TIE
PAIR00306,SYS_TGT038,P1_in_vivo_shake_flask,P1_TGT038_EZJ24,P1_TGT038_EZJS07,-3.0911478880581953,-0.17176634826647993,-2.9193815397917153,J_GT_I,UNCERTAINTY_NOT_REPORTED,false,STUDY_TGT038,2FL_titer,J_GT_I,intermolecular self assembly|RIAD-RIDD + PDZ-PDZlig or SpyCatcher-SpyTag|RIAD-RIDD + PDZ-PDZlig or SpyCatcher-SpyTag|RIAD_RIDD,intermolecular self assembly|RIAD-RIDD + SpyCatcher-SpyTag|RIAD-RIDD + SpyCatcher-SpyTag|RIAD_RIDD,True,True,ARCHITECTURE_PRIOR_ELIGIBLE_NON_TIE
PAIR00307,SYS_TGT038,P1_in_vivo_shake_flask,P1_TGT038_EZJ24,P1_TGT038_EZJS08,-3.0911478880581953,-0.17176634826647993,-2.9193815397917153,J_GT_I,UNCERTAINTY_NOT_REPORTED,false,STUDY_TGT038,2FL_titer,J_GT_I,intermolecular self assembly|RIAD-RIDD + PDZ-PDZlig or SpyCatcher-SpyTag|RIAD-RIDD + PDZ-PDZlig or SpyCatcher-SpyTag|RIAD_RIDD,intermolecular self assembly|RIAD-RIDD + SpyCatcher-SpyTag|RIAD-RIDD + SpyCatcher-SpyTag|RIAD_RIDD,True,True,ARCHITECTURE_PRIOR_ELIGIBLE_NON_TIE
PAIR00308,SYS_TGT038,P1_in_vivo_shake_flask,P1_TGT038_EZJ24,P1_TGT038_EZJS09,-3.0911478880581953,-0.011083499129016173,-3.080064388929179,J_GT_I,UNCERTAINTY_NOT_REPORTED,false,STUDY_TGT038,2FL_titer,J_GT_I,intermolecular self assembly|RIAD-RIDD + PDZ-PDZlig or SpyCatcher-SpyTag|RIAD-RIDD + PDZ-PDZlig or SpyCatcher-SpyTag|RIAD_RIDD,intermolecular self assembly|RIAD-RIDD + SpyCatcher-SpyTag|RIAD-RIDD + SpyCatcher-SpyTag|RIAD_RIDD,True,True,ARCHITECTURE_PRIOR_ELIGIBLE_NON_TIE
PAIR00309,SYS_TGT038,P1_in_vivo_shake_flask,P1_TGT038_EZJ25,P1_TGT038_EZJ26,-0.732066794753367,-0.011083499129016173,-0.7209832956243508,J_GT_I,UNCERTAINTY_NOT_REPORTED,false,STUDY_TGT038,2FL_titer,J_GT_I,intermolecular self assembly|RIAD-RIDD + PDZ-PDZlig or SpyCatcher-SpyTag|RIAD-RIDD + PDZ-PDZlig or SpyCatcher-SpyTag|RIAD_RIDD,intermolecular self assembly|RIAD-RIDD + PDZ-PDZlig or SpyCatcher-SpyTag|RIAD-RIDD + PDZ-PDZlig or SpyCatcher-SpyTag|RIAD_RIDD,True,True,ARCHITECTURE_PRIOR_ELIGIBLE_NON_TIE
PAIR00310,SYS_TGT038,P1_in_vivo_shake_flask,P1_TGT038_EZJ25,P1_TGT038_EZJ27,-0.732066794753367,0.025535092107137794,-0.7576018868605048,J_GT_I,UNCERTAINTY_NOT_REPORTED,false,STUDY_TGT038,2FL_titer,J_GT_I,intermolecular self assembly|RIAD-RIDD + PDZ-PDZlig or SpyCatcher-SpyTag|RIAD-RIDD + PDZ-PDZlig or SpyCatcher-SpyTag|RIAD_RIDD,intermolecular self assembly|RIAD-RIDD + PDZ-PDZlig or SpyCatcher-SpyTag|RIAD-RIDD + PDZ-PDZlig or SpyCatcher-SpyTag|RIAD_RIDD,True,True,ARCHITECTURE_PRIOR_ELIGIBLE_NON_TIE
PAIR00311,SYS_TGT038,P1_in_vivo_shake_flask,P1_TGT038_EZJ25,P1_TGT038_EZJ28,-0.732066794753367,0.03634184706372036,-0.7684086418170873,J_GT_I,UNCERTAINTY_NOT_REPORTED,false,STUDY_TGT038,2FL_titer,J_GT_I,intermolecular self assembly|RIAD-RIDD + PDZ-PDZlig or SpyCatcher-SpyTag|RIAD-RIDD + PDZ-PDZlig or SpyCatcher-SpyTag|RIAD_RIDD,intermolecular self assembly|RIAD-RIDD + PDZ-PDZlig or SpyCatcher-SpyTag|RIAD-RIDD + PDZ-PDZlig or SpyCatcher-SpyTag|RIAD_RIDD,True,True,ARCHITECTURE_PRIOR_ELIGIBLE_NON_TIE
PAIR00312,SYS_TGT038,P1_in_vivo_shake_flask,P1_TGT038_EZJ25,P1_TGT038_EZJ29,-0.732066794753367,-0.0990100058311656,-0.6330567889222014,J_GT_I,UNCERTAINTY_NOT_REPORTED,false,STUDY_TGT038,2FL_titer,J_GT_I,intermolecular self assembly|RIAD-RIDD + PDZ-PDZlig or SpyCatcher-SpyTag|RIAD-RIDD + PDZ-PDZlig or SpyCatcher-SpyTag|RIAD_RIDD,intermolecular self assembly|RIAD-RIDD + PDZ-PDZlig or SpyCatcher-SpyTag|RIAD-RIDD + PDZ-PDZlig or SpyCatcher-SpyTag|RIAD_RIDD,True,True,ARCHITECTURE_PRIOR_ELIGIBLE_NON_TIE
PAIR00313,SYS_TGT038,P1_in_vivo_shake_flask,P1_TGT038_EZJ25,P1_TGT038_EZJS01,-0.732066794753367,-0.12285674778553347,-0.6092100469678335,J_GT_I,UNCERTAINTY_NOT_REPORTED,false,STUDY_TGT038,2FL_titer,J_GT_I,intermolecular self assembly|RIAD-RIDD + PDZ-PDZlig or SpyCatcher-SpyTag|RIAD-RIDD + PDZ-PDZlig or SpyCatcher-SpyTag|RIAD_RIDD,intermolecular self assembly|RIAD-RIDD + SpyCatcher-SpyTag|RIAD-RIDD + SpyCatcher-SpyTag|RIAD_RIDD,True,True,ARCHITECTURE_PRIOR_ELIGIBLE_NON_TIE
PAIR00314,SYS_TGT038,P1_in_vivo_shake_flask,P1_TGT038_EZJ25,P1_TGT038_EZJS02,-0.732066794753367,-0.7078192485066896,-0.024247546246677354,J_GT_I,UNCERTAINTY_NOT_REPORTED,false,STUDY_TGT038,2FL_titer,J_GT_I,intermolecular self assembly|RIAD-RIDD + PDZ-PDZlig or SpyCatcher-SpyTag|RIAD-RIDD + PDZ-PDZlig or SpyCatcher-SpyTag|RIAD_RIDD,intermolecular self assembly|RIAD-RIDD + SpyCatcher-SpyTag|RIAD-RIDD + SpyCatcher-SpyTag|RIAD_RIDD,True,True,ARCHITECTURE_PRIOR_ELIGIBLE_NON_TIE
PAIR00315,SYS_TGT038,P1_in_vivo_shake_flask,P1_TGT038_EZJ25,P1_TGT038_EZJS03,-0.732066794753367,-0.8333501305905484,0.10128333583718141,I_GT_J,UNCERTAINTY_NOT_REPORTED,false,STUDY_TGT038,2FL_titer,I_GT_J,intermolecular self assembly|RIAD-RIDD + PDZ-PDZlig or SpyCatcher-SpyTag|RIAD-RIDD + PDZ-PDZlig or SpyCatcher-SpyTag|RIAD_RIDD,intermolecular self assembly|RIAD-RIDD + SpyCatcher-SpyTag|RIAD-RIDD + SpyCatcher-SpyTag|RIAD_RIDD,True,True,ARCHITECTURE_PRIOR_ELIGIBLE_NON_TIE
PAIR00316,SYS_TGT038,P1_in_vivo_shake_flask,P1_TGT038_EZJ25,P1_TGT038_EZJS06,-0.732066794753367,-0.3200890952235811,-0.4119776995297859,J_GT_I,UNCERTAINTY_NOT_REPORTED,false,STUDY_TGT038,2FL_titer,J_GT_I,intermolecular self assembly|RIAD-RIDD + PDZ-PDZlig or SpyCatcher-SpyTag|RIAD-RIDD + PDZ-PDZlig or SpyCatcher-SpyTag|RIAD_RIDD,intermolecular self assembly|RIAD-RIDD + SpyCatcher-SpyTag|RIAD-RIDD + SpyCatcher-SpyTag|RIAD_RIDD,True,True,ARCHITECTURE_PRIOR_ELIGIBLE_NON_TIE
PAIR00317,SYS_TGT038,P1_in_vivo_shake_flask,P1_TGT038_EZJ25,P1_TGT038_EZJS07,-0.732066794753367,-0.17176634826647993,-0.560300446486887,J_GT_I,UNCERTAINTY_NOT_REPORTED,false,STUDY_TGT038,2FL_titer,J_GT_I,intermolecular self assembly|RIAD-RIDD + PDZ-PDZlig or SpyCatcher-SpyTag|RIAD-RIDD + PDZ-PDZlig or SpyCatcher-SpyTag|RIAD_RIDD,intermolecular self assembly|RIAD-RIDD + SpyCatcher-SpyTag|RIAD-RIDD + SpyCatcher-SpyTag|RIAD_RIDD,True,True,ARCHITECTURE_PRIOR_ELIGIBLE_NON_TIE
PAIR00318,SYS_TGT038,P1_in_vivo_shake_flask,P1_TGT038_EZJ25,P1_TGT038_EZJS08,-0.732066794753367,-0.17176634826647993,-0.560300446486887,J_GT_I,UNCERTAINTY_NOT_REPORTED,false,STUDY_TGT038,2FL_titer,J_GT_I,intermolecular self assembly|RIAD-RIDD + PDZ-PDZlig or SpyCatcher-SpyTag|RIAD-RIDD + PDZ-PDZlig or SpyCatcher-SpyTag|RIAD_RIDD,intermolecular self assembly|RIAD-RIDD + SpyCatcher-SpyTag|RIAD-RIDD + SpyCatcher-SpyTag|RIAD_RIDD,True,True,ARCHITECTURE_PRIOR_ELIGIBLE_NON_TIE
PAIR00319,SYS_TGT038,P1_in_vivo_shake_flask,P1_TGT038_EZJ25,P1_TGT038_EZJS09,-0.732066794753367,-0.011083499129016173,-0.7209832956243508,J_GT_I,UNCERTAINTY_NOT_REPORTED,false,STUDY_TGT038,2FL_titer,J_GT_I,intermolecular self assembly|RIAD-RIDD + PDZ-PDZlig or SpyCatcher-SpyTag|RIAD-RIDD + PDZ-PDZlig or SpyCatcher-SpyTag|RIAD_RIDD,intermolecular self assembly|RIAD-RIDD + SpyCatcher-SpyTag|RIAD-RIDD + SpyCatcher-SpyTag|RIAD_RIDD,True,True,ARCHITECTURE_PRIOR_ELIGIBLE_NON_TIE
PAIR00320,SYS_TGT038,P1_in_vivo_shake_flask,P1_TGT038_EZJ26,P1_TGT038_EZJ27,-0.011083499129016173,0.025535092107137794,-0.03661859123615396,J_GT_I,UNCERTAINTY_NOT_REPORTED,false,STUDY_TGT038,2FL_titer,J_GT_I,intermolecular self assembly|RIAD-RIDD + PDZ-PDZlig or SpyCatcher-SpyTag|RIAD-RIDD + PDZ-PDZlig or SpyCatcher-SpyTag|RIAD_RIDD,intermolecular self assembly|RIAD-RIDD + PDZ-PDZlig or SpyCatcher-SpyTag|RIAD-RIDD + PDZ-PDZlig or SpyCatcher-SpyTag|RIAD_RIDD,True,True,ARCHITECTURE_PRIOR_ELIGIBLE_NON_TIE
PAIR00321,SYS_TGT038,P1_in_vivo_shake_flask,P1_TGT038_EZJ26,P1_TGT038_EZJ28,-0.011083499129016173,0.03634184706372036,-0.04742534619273653,J_GT_I,UNCERTAINTY_NOT_REPORTED,false,STUDY_TGT038,2FL_titer,J_GT_I,intermolecular self assembly|RIAD-RIDD + PDZ-PDZlig or SpyCatcher-SpyTag|RIAD-RIDD + PDZ-PDZlig or SpyCatcher-SpyTag|RIAD_RIDD,intermolecular self assembly|RIAD-RIDD + PDZ-PDZlig or SpyCatcher-SpyTag|RIAD-RIDD + PDZ-PDZlig or SpyCatcher-SpyTag|RIAD_RIDD,True,True,ARCHITECTURE_PRIOR_ELIGIBLE_NON_TIE
PAIR00322,SYS_TGT038,P1_in_vivo_shake_flask,P1_TGT038_EZJ26,P1_TGT038_EZJ29,-0.011083499129016173,-0.0990100058311656,0.08792650670214944,I_GT_J,UNCERTAINTY_NOT_REPORTED,false,STUDY_TGT038,2FL_titer,I_GT_J,intermolecular self assembly|RIAD-RIDD + PDZ-PDZlig or SpyCatcher-SpyTag|RIAD-RIDD + PDZ-PDZlig or SpyCatcher-SpyTag|RIAD_RIDD,intermolecular self assembly|RIAD-RIDD + PDZ-PDZlig or SpyCatcher-SpyTag|RIAD-RIDD + PDZ-PDZlig or SpyCatcher-SpyTag|RIAD_RIDD,True,True,ARCHITECTURE_PRIOR_ELIGIBLE_NON_TIE
PAIR00323,SYS_TGT038,P1_in_vivo_shake_flask,P1_TGT038_EZJ26,P1_TGT038_EZJS01,-0.011083499129016173,-0.12285674778553347,0.1117732486565173,I_GT_J,UNCERTAINTY_NOT_REPORTED,false,STUDY_TGT038,2FL_titer,I_GT_J,intermolecular self assembly|RIAD-RIDD + PDZ-PDZlig or SpyCatcher-SpyTag|RIAD-RIDD + PDZ-PDZlig or SpyCatcher-SpyTag|RIAD_RIDD,intermolecular self assembly|RIAD-RIDD + SpyCatcher-SpyTag|RIAD-RIDD + SpyCatcher-SpyTag|RIAD_RIDD,True,True,ARCHITECTURE_PRIOR_ELIGIBLE_NON_TIE
PAIR00324,SYS_TGT038,P1_in_vivo_shake_flask,P1_TGT038_EZJ26,P1_TGT038_EZJS02,-0.011083499129016173,-0.7078192485066896,0.6967357493776735,I_GT_J,UNCERTAINTY_NOT_REPORTED,false,STUDY_TGT038,2FL_titer,I_GT_J,intermolecular self assembly|RIAD-RIDD + PDZ-PDZlig or SpyCatcher-SpyTag|RIAD-RIDD + PDZ-PDZlig or SpyCatcher-SpyTag|RIAD_RIDD,intermolecular self assembly|RIAD-RIDD + SpyCatcher-SpyTag|RIAD-RIDD + SpyCatcher-SpyTag|RIAD_RIDD,True,True,ARCHITECTURE_PRIOR_ELIGIBLE_NON_TIE
PAIR00325,SYS_TGT038,P1_in_vivo_shake_flask,P1_TGT038_EZJ26,P1_TGT038_EZJS03,-0.011083499129016173,-0.8333501305905484,0.8222666314615322,I_GT_J,UNCERTAINTY_NOT_REPORTED,false,STUDY_TGT038,2FL_titer,I_GT_J,intermolecular self assembly|RIAD-RIDD + PDZ-PDZlig or SpyCatcher-SpyTag|RIAD-RIDD + PDZ-PDZlig or SpyCatcher-SpyTag|RIAD_RIDD,intermolecular self assembly|RIAD-RIDD + SpyCatcher-SpyTag|RIAD-RIDD + SpyCatcher-SpyTag|RIAD_RIDD,True,True,ARCHITECTURE_PRIOR_ELIGIBLE_NON_TIE
PAIR00326,SYS_TGT038,P1_in_vivo_shake_flask,P1_TGT038_EZJ26,P1_TGT038_EZJS06,-0.011083499129016173,-0.3200890952235811,0.3090055960945649,I_GT_J,UNCERTAINTY_NOT_REPORTED,false,STUDY_TGT038,2FL_titer,I_GT_J,intermolecular self assembly|RIAD-RIDD + PDZ-PDZlig or SpyCatcher-SpyTag|RIAD-RIDD + PDZ-PDZlig or SpyCatcher-SpyTag|RIAD_RIDD,intermolecular self assembly|RIAD-RIDD + SpyCatcher-SpyTag|RIAD-RIDD + SpyCatcher-SpyTag|RIAD_RIDD,True,True,ARCHITECTURE_PRIOR_ELIGIBLE_NON_TIE
PAIR00327,SYS_TGT038,P1_in_vivo_shake_flask,P1_TGT038_EZJ26,P1_TGT038_EZJS07,-0.011083499129016173,-0.17176634826647993,0.16068284913746375,I_GT_J,UNCERTAINTY_NOT_REPORTED,false,STUDY_TGT038,2FL_titer,I_GT_J,intermolecular self assembly|RIAD-RIDD + PDZ-PDZlig or SpyCatcher-SpyTag|RIAD-RIDD + PDZ-PDZlig or SpyCatcher-SpyTag|RIAD_RIDD,intermolecular self assembly|RIAD-RIDD + SpyCatcher-SpyTag|RIAD-RIDD + SpyCatcher-SpyTag|RIAD_RIDD,True,True,ARCHITECTURE_PRIOR_ELIGIBLE_NON_TIE
PAIR00328,SYS_TGT038,P1_in_vivo_shake_flask,P1_TGT038_EZJ26,P1_TGT038_EZJS08,-0.011083499129016173,-0.17176634826647993,0.16068284913746375,I_GT_J,UNCERTAINTY_NOT_REPORTED,false,STUDY_TGT038,2FL_titer,I_GT_J,intermolecular self assembly|RIAD-RIDD + PDZ-PDZlig or SpyCatcher-SpyTag|RIAD-RIDD + PDZ-PDZlig or SpyCatcher-SpyTag|RIAD_RIDD,intermolecular self assembly|RIAD-RIDD + SpyCatcher-SpyTag|RIAD-RIDD + SpyCatcher-SpyTag|RIAD_RIDD,True,True,ARCHITECTURE_PRIOR_ELIGIBLE_NON_TIE
PAIR00330,SYS_TGT038,P1_in_vivo_shake_flask,P1_TGT038_EZJ27,P1_TGT038_EZJ28,0.025535092107137794,0.03634184706372036,-0.010806754956582565,J_GT_I,UNCERTAINTY_NOT_REPORTED,false,STUDY_TGT038,2FL_titer,J_GT_I,intermolecular self assembly|RIAD-RIDD + PDZ-PDZlig or SpyCatcher-SpyTag|RIAD-RIDD + PDZ-PDZlig or SpyCatcher-SpyTag|RIAD_RIDD,intermolecular self assembly|RIAD-RIDD + PDZ-PDZlig or SpyCatcher-SpyTag|RIAD-RIDD + PDZ-PDZlig or SpyCatcher-SpyTag|RIAD_RIDD,True,True,ARCHITECTURE_PRIOR_ELIGIBLE_NON_TIE
PAIR00331,SYS_TGT038,P1_in_vivo_shake_flask,P1_TGT038_EZJ27,P1_TGT038_EZJ29,0.025535092107137794,-0.0990100058311656,0.1245450979383034,I_GT_J,UNCERTAINTY_NOT_REPORTED,false,STUDY_TGT038,2FL_titer,I_GT_J,intermolecular self assembly|RIAD-RIDD + PDZ-PDZlig or SpyCatcher-SpyTag|RIAD-RIDD + PDZ-PDZlig or SpyCatcher-SpyTag|RIAD_RIDD,intermolecular self assembly|RIAD-RIDD + PDZ-PDZlig or SpyCatcher-SpyTag|RIAD-RIDD + PDZ-PDZlig or SpyCatcher-SpyTag|RIAD_RIDD,True,True,ARCHITECTURE_PRIOR_ELIGIBLE_NON_TIE
PAIR00332,SYS_TGT038,P1_in_vivo_shake_flask,P1_TGT038_EZJ27,P1_TGT038_EZJS01,0.025535092107137794,-0.12285674778553347,0.14839183989267127,I_GT_J,UNCERTAINTY_NOT_REPORTED,false,STUDY_TGT038,2FL_titer,I_GT_J,intermolecular self assembly|RIAD-RIDD + PDZ-PDZlig or SpyCatcher-SpyTag|RIAD-RIDD + PDZ-PDZlig or SpyCatcher-SpyTag|RIAD_RIDD,intermolecular self assembly|RIAD-RIDD + SpyCatcher-SpyTag|RIAD-RIDD + SpyCatcher-SpyTag|RIAD_RIDD,True,True,ARCHITECTURE_PRIOR_ELIGIBLE_NON_TIE
PAIR00333,SYS_TGT038,P1_in_vivo_shake_flask,P1_TGT038_EZJ27,P1_TGT038_EZJS02,0.025535092107137794,-0.7078192485066896,0.7333543406138274,I_GT_J,UNCERTAINTY_NOT_REPORTED,false,STUDY_TGT038,2FL_titer,I_GT_J,intermolecular self assembly|RIAD-RIDD + PDZ-PDZlig or SpyCatcher-SpyTag|RIAD-RIDD + PDZ-PDZlig or SpyCatcher-SpyTag|RIAD_RIDD,intermolecular self assembly|RIAD-RIDD + SpyCatcher-SpyTag|RIAD-RIDD + SpyCatcher-SpyTag|RIAD_RIDD,True,True,ARCHITECTURE_PRIOR_ELIGIBLE_NON_TIE
PAIR00334,SYS_TGT038,P1_in_vivo_shake_flask,P1_TGT038_EZJ27,P1_TGT038_EZJS03,0.025535092107137794,-0.8333501305905484,0.8588852226976862,I_GT_J,UNCERTAINTY_NOT_REPORTED,false,STUDY_TGT038,2FL_titer,I_GT_J,intermolecular self assembly|RIAD-RIDD + PDZ-PDZlig or SpyCatcher-SpyTag|RIAD-RIDD + PDZ-PDZlig or SpyCatcher-SpyTag|RIAD_RIDD,intermolecular self assembly|RIAD-RIDD + SpyCatcher-SpyTag|RIAD-RIDD + SpyCatcher-SpyTag|RIAD_RIDD,True,True,ARCHITECTURE_PRIOR_ELIGIBLE_NON_TIE
PAIR00335,SYS_TGT038,P1_in_vivo_shake_flask,P1_TGT038_EZJ27,P1_TGT038_EZJS06,0.025535092107137794,-0.3200890952235811,0.34562418733071887,I_GT_J,UNCERTAINTY_NOT_REPORTED,false,STUDY_TGT038,2FL_titer,I_GT_J,intermolecular self assembly|RIAD-RIDD + PDZ-PDZlig or SpyCatcher-SpyTag|RIAD-RIDD + PDZ-PDZlig or SpyCatcher-SpyTag|RIAD_RIDD,intermolecular self assembly|RIAD-RIDD + SpyCatcher-SpyTag|RIAD-RIDD + SpyCatcher-SpyTag|RIAD_RIDD,True,True,ARCHITECTURE_PRIOR_ELIGIBLE_NON_TIE
PAIR00336,SYS_TGT038,P1_in_vivo_shake_flask,P1_TGT038_EZJ27,P1_TGT038_EZJS07,0.025535092107137794,-0.17176634826647993,0.19730144037361774,I_GT_J,UNCERTAINTY_NOT_REPORTED,false,STUDY_TGT038,2FL_titer,I_GT_J,intermolecular self assembly|RIAD-RIDD + PDZ-PDZlig or SpyCatcher-SpyTag|RIAD-RIDD + PDZ-PDZlig or SpyCatcher-SpyTag|RIAD_RIDD,intermolecular self assembly|RIAD-RIDD + SpyCatcher-SpyTag|RIAD-RIDD + SpyCatcher-SpyTag|RIAD_RIDD,True,True,ARCHITECTURE_PRIOR_ELIGIBLE_NON_TIE
PAIR00337,SYS_TGT038,P1_in_vivo_shake_flask,P1_TGT038_EZJ27,P1_TGT038_EZJS08,0.025535092107137794,-0.17176634826647993,0.19730144037361774,I_GT_J,UNCERTAINTY_NOT_REPORTED,false,STUDY_TGT038,2FL_titer,I_GT_J,intermolecular self assembly|RIAD-RIDD + PDZ-PDZlig or SpyCatcher-SpyTag|RIAD-RIDD + PDZ-PDZlig or SpyCatcher-SpyTag|RIAD_RIDD,intermolecular self assembly|RIAD-RIDD + SpyCatcher-SpyTag|RIAD-RIDD + SpyCatcher-SpyTag|RIAD_RIDD,True,True,ARCHITECTURE_PRIOR_ELIGIBLE_NON_TIE
PAIR00338,SYS_TGT038,P1_in_vivo_shake_flask,P1_TGT038_EZJ27,P1_TGT038_EZJS09,0.025535092107137794,-0.011083499129016173,0.03661859123615396,I_GT_J,UNCERTAINTY_NOT_REPORTED,false,STUDY_TGT038,2FL_titer,I_GT_J,intermolecular self assembly|RIAD-RIDD + PDZ-PDZlig or SpyCatcher-SpyTag|RIAD-RIDD + PDZ-PDZlig or SpyCatcher-SpyTag|RIAD_RIDD,intermolecular self assembly|RIAD-RIDD + SpyCatcher-SpyTag|RIAD-RIDD + SpyCatcher-SpyTag|RIAD_RIDD,True,True,ARCHITECTURE_PRIOR_ELIGIBLE_NON_TIE
PAIR00339,SYS_TGT038,P1_in_vivo_shake_flask,P1_TGT038_EZJ28,P1_TGT038_EZJ29,0.03634184706372036,-0.0990100058311656,0.13535185289488597,I_GT_J,UNCERTAINTY_NOT_REPORTED,false,STUDY_TGT038,2FL_titer,I_GT_J,intermolecular self assembly|RIAD-RIDD + PDZ-PDZlig or SpyCatcher-SpyTag|RIAD-RIDD + PDZ-PDZlig or SpyCatcher-SpyTag|RIAD_RIDD,intermolecular self assembly|RIAD-RIDD + PDZ-PDZlig or SpyCatcher-SpyTag|RIAD-RIDD + PDZ-PDZlig or SpyCatcher-SpyTag|RIAD_RIDD,True,True,ARCHITECTURE_PRIOR_ELIGIBLE_NON_TIE
PAIR00340,SYS_TGT038,P1_in_vivo_shake_flask,P1_TGT038_EZJ28,P1_TGT038_EZJS01,0.03634184706372036,-0.12285674778553347,0.15919859484925383,I_GT_J,UNCERTAINTY_NOT_REPORTED,false,STUDY_TGT038,2FL_titer,I_GT_J,intermolecular self assembly|RIAD-RIDD + PDZ-PDZlig or SpyCatcher-SpyTag|RIAD-RIDD + PDZ-PDZlig or SpyCatcher-SpyTag|RIAD_RIDD,intermolecular self assembly|RIAD-RIDD + SpyCatcher-SpyTag|RIAD-RIDD + SpyCatcher-SpyTag|RIAD_RIDD,True,True,ARCHITECTURE_PRIOR_ELIGIBLE_NON_TIE
PAIR00341,SYS_TGT038,P1_in_vivo_shake_flask,P1_TGT038_EZJ28,P1_TGT038_EZJS02,0.03634184706372036,-0.7078192485066896,0.74416109557041,I_GT_J,UNCERTAINTY_NOT_REPORTED,false,STUDY_TGT038,2FL_titer,I_GT_J,intermolecular self assembly|RIAD-RIDD + PDZ-PDZlig or SpyCatcher-SpyTag|RIAD-RIDD + PDZ-PDZlig or SpyCatcher-SpyTag|RIAD_RIDD,intermolecular self assembly|RIAD-RIDD + SpyCatcher-SpyTag|RIAD-RIDD + SpyCatcher-SpyTag|RIAD_RIDD,True,True,ARCHITECTURE_PRIOR_ELIGIBLE_NON_TIE
PAIR00342,SYS_TGT038,P1_in_vivo_shake_flask,P1_TGT038_EZJ28,P1_TGT038_EZJS03,0.03634184706372036,-0.8333501305905484,0.8696919776542688,I_GT_J,UNCERTAINTY_NOT_REPORTED,false,STUDY_TGT038,2FL_titer,I_GT_J,intermolecular self assembly|RIAD-RIDD + PDZ-PDZlig or SpyCatcher-SpyTag|RIAD-RIDD + PDZ-PDZlig or SpyCatcher-SpyTag|RIAD_RIDD,intermolecular self assembly|RIAD-RIDD + SpyCatcher-SpyTag|RIAD-RIDD + SpyCatcher-SpyTag|RIAD_RIDD,True,True,ARCHITECTURE_PRIOR_ELIGIBLE_NON_TIE
PAIR00343,SYS_TGT038,P1_in_vivo_shake_flask,P1_TGT038_EZJ28,P1_TGT038_EZJS06,0.03634184706372036,-0.3200890952235811,0.35643094228730143,I_GT_J,UNCERTAINTY_NOT_REPORTED,false,STUDY_TGT038,2FL_titer,I_GT_J,intermolecular self assembly|RIAD-RIDD + PDZ-PDZlig or SpyCatcher-SpyTag|RIAD-RIDD + PDZ-PDZlig or SpyCatcher-SpyTag|RIAD_RIDD,intermolecular self assembly|RIAD-RIDD + SpyCatcher-SpyTag|RIAD-RIDD + SpyCatcher-SpyTag|RIAD_RIDD,True,True,ARCHITECTURE_PRIOR_ELIGIBLE_NON_TIE
PAIR00344,SYS_TGT038,P1_in_vivo_shake_flask,P1_TGT038_EZJ28,P1_TGT038_EZJS07,0.03634184706372036,-0.17176634826647993,0.2081081953302003,I_GT_J,UNCERTAINTY_NOT_REPORTED,false,STUDY_TGT038,2FL_titer,I_GT_J,intermolecular self assembly|RIAD-RIDD + PDZ-PDZlig or SpyCatcher-SpyTag|RIAD-RIDD + PDZ-PDZlig or SpyCatcher-SpyTag|RIAD_RIDD,intermolecular self assembly|RIAD-RIDD + SpyCatcher-SpyTag|RIAD-RIDD + SpyCatcher-SpyTag|RIAD_RIDD,True,True,ARCHITECTURE_PRIOR_ELIGIBLE_NON_TIE
PAIR00345,SYS_TGT038,P1_in_vivo_shake_flask,P1_TGT038_EZJ28,P1_TGT038_EZJS08,0.03634184706372036,-0.17176634826647993,0.2081081953302003,I_GT_J,UNCERTAINTY_NOT_REPORTED,false,STUDY_TGT038,2FL_titer,I_GT_J,intermolecular self assembly|RIAD-RIDD + PDZ-PDZlig or SpyCatcher-SpyTag|RIAD-RIDD + PDZ-PDZlig or SpyCatcher-SpyTag|RIAD_RIDD,intermolecular self assembly|RIAD-RIDD + SpyCatcher-SpyTag|RIAD-RIDD + SpyCatcher-SpyTag|RIAD_RIDD,True,True,ARCHITECTURE_PRIOR_ELIGIBLE_NON_TIE
PAIR00346,SYS_TGT038,P1_in_vivo_shake_flask,P1_TGT038_EZJ28,P1_TGT038_EZJS09,0.03634184706372036,-0.011083499129016173,0.04742534619273653,I_GT_J,UNCERTAINTY_NOT_REPORTED,false,STUDY_TGT038,2FL_titer,I_GT_J,intermolecular self assembly|RIAD-RIDD + PDZ-PDZlig or SpyCatcher-SpyTag|RIAD-RIDD + PDZ-PDZlig or SpyCatcher-SpyTag|RIAD_RIDD,intermolecular self assembly|RIAD-RIDD + SpyCatcher-SpyTag|RIAD-RIDD + SpyCatcher-SpyTag|RIAD_RIDD,True,True,ARCHITECTURE_PRIOR_ELIGIBLE_NON_TIE
PAIR00347,SYS_TGT038,P1_in_vivo_shake_flask,P1_TGT038_EZJ29,P1_TGT038_EZJS01,-0.0990100058311656,-0.12285674778553347,0.023846741954367867,I_GT_J,UNCERTAINTY_NOT_REPORTED,false,STUDY_TGT038,2FL_titer,I_GT_J,intermolecular self assembly|RIAD-RIDD + PDZ-PDZlig or SpyCatcher-SpyTag|RIAD-RIDD + PDZ-PDZlig or SpyCatcher-SpyTag|RIAD_RIDD,intermolecular self assembly|RIAD-RIDD + SpyCatcher-SpyTag|RIAD-RIDD + SpyCatcher-SpyTag|RIAD_RIDD,True,True,ARCHITECTURE_PRIOR_ELIGIBLE_NON_TIE
PAIR00348,SYS_TGT038,P1_in_vivo_shake_flask,P1_TGT038_EZJ29,P1_TGT038_EZJS02,-0.0990100058311656,-0.7078192485066896,0.608809242675524,I_GT_J,UNCERTAINTY_NOT_REPORTED,false,STUDY_TGT038,2FL_titer,I_GT_J,intermolecular self assembly|RIAD-RIDD + PDZ-PDZlig or SpyCatcher-SpyTag|RIAD-RIDD + PDZ-PDZlig or SpyCatcher-SpyTag|RIAD_RIDD,intermolecular self assembly|RIAD-RIDD + SpyCatcher-SpyTag|RIAD-RIDD + SpyCatcher-SpyTag|RIAD_RIDD,True,True,ARCHITECTURE_PRIOR_ELIGIBLE_NON_TIE
PAIR00349,SYS_TGT038,P1_in_vivo_shake_flask,P1_TGT038_EZJ29,P1_TGT038_EZJS03,-0.0990100058311656,-0.8333501305905484,0.7343401247593828,I_GT_J,UNCERTAINTY_NOT_REPORTED,false,STUDY_TGT038,2FL_titer,I_GT_J,intermolecular self assembly|RIAD-RIDD + PDZ-PDZlig or SpyCatcher-SpyTag|RIAD-RIDD + PDZ-PDZlig or SpyCatcher-SpyTag|RIAD_RIDD,intermolecular self assembly|RIAD-RIDD + SpyCatcher-SpyTag|RIAD-RIDD + SpyCatcher-SpyTag|RIAD_RIDD,True,True,ARCHITECTURE_PRIOR_ELIGIBLE_NON_TIE
PAIR00350,SYS_TGT038,P1_in_vivo_shake_flask,P1_TGT038_EZJ29,P1_TGT038_EZJS06,-0.0990100058311656,-0.3200890952235811,0.2210790893924155,I_GT_J,UNCERTAINTY_NOT_REPORTED,false,STUDY_TGT038,2FL_titer,I_GT_J,intermolecular self assembly|RIAD-RIDD + PDZ-PDZlig or SpyCatcher-SpyTag|RIAD-RIDD + PDZ-PDZlig or SpyCatcher-SpyTag|RIAD_RIDD,intermolecular self assembly|RIAD-RIDD + SpyCatcher-SpyTag|RIAD-RIDD + SpyCatcher-SpyTag|RIAD_RIDD,True,True,ARCHITECTURE_PRIOR_ELIGIBLE_NON_TIE
PAIR00351,SYS_TGT038,P1_in_vivo_shake_flask,P1_TGT038_EZJ29,P1_TGT038_EZJS07,-0.0990100058311656,-0.17176634826647993,0.07275634243531433,I_GT_J,UNCERTAINTY_NOT_REPORTED,false,STUDY_TGT038,2FL_titer,I_GT_J,intermolecular self assembly|RIAD-RIDD + PDZ-PDZlig or SpyCatcher-SpyTag|RIAD-RIDD + PDZ-PDZlig or SpyCatcher-SpyTag|RIAD_RIDD,intermolecular self assembly|RIAD-RIDD + SpyCatcher-SpyTag|RIAD-RIDD + SpyCatcher-SpyTag|RIAD_RIDD,True,True,ARCHITECTURE_PRIOR_ELIGIBLE_NON_TIE
PAIR00352,SYS_TGT038,P1_in_vivo_shake_flask,P1_TGT038_EZJ29,P1_TGT038_EZJS08,-0.0990100058311656,-0.17176634826647993,0.07275634243531433,I_GT_J,UNCERTAINTY_NOT_REPORTED,false,STUDY_TGT038,2FL_titer,I_GT_J,intermolecular self assembly|RIAD-RIDD + PDZ-PDZlig or SpyCatcher-SpyTag|RIAD-RIDD + PDZ-PDZlig or SpyCatcher-SpyTag|RIAD_RIDD,intermolecular self assembly|RIAD-RIDD + SpyCatcher-SpyTag|RIAD-RIDD + SpyCatcher-SpyTag|RIAD_RIDD,True,True,ARCHITECTURE_PRIOR_ELIGIBLE_NON_TIE
PAIR00353,SYS_TGT038,P1_in_vivo_shake_flask,P1_TGT038_EZJ29,P1_TGT038_EZJS09,-0.0990100058311656,-0.011083499129016173,-0.08792650670214944,J_GT_I,UNCERTAINTY_NOT_REPORTED,false,STUDY_TGT038,2FL_titer,J_GT_I,intermolecular self assembly|RIAD-RIDD + PDZ-PDZlig or SpyCatcher-SpyTag|RIAD-RIDD + PDZ-PDZlig or SpyCatcher-SpyTag|RIAD_RIDD,intermolecular self assembly|RIAD-RIDD + SpyCatcher-SpyTag|RIAD-RIDD + SpyCatcher-SpyTag|RIAD_RIDD,True,True,ARCHITECTURE_PRIOR_ELIGIBLE_NON_TIE
PAIR00354,SYS_TGT038,P1_in_vivo_shake_flask,P1_TGT038_EZJS01,P1_TGT038_EZJS02,-0.12285674778553347,-0.7078192485066896,0.5849625007211562,I_GT_J,UNCERTAINTY_NOT_REPORTED,false,STUDY_TGT038,2FL_titer,I_GT_J,intermolecular self assembly|RIAD-RIDD + SpyCatcher-SpyTag|RIAD-RIDD + SpyCatcher-SpyTag|RIAD_RIDD,intermolecular self assembly|RIAD-RIDD + SpyCatcher-SpyTag|RIAD-RIDD + SpyCatcher-SpyTag|RIAD_RIDD,True,True,ARCHITECTURE_PRIOR_ELIGIBLE_NON_TIE
PAIR00355,SYS_TGT038,P1_in_vivo_shake_flask,P1_TGT038_EZJS01,P1_TGT038_EZJS03,-0.12285674778553347,-0.8333501305905484,0.710493382805015,I_GT_J,UNCERTAINTY_NOT_REPORTED,false,STUDY_TGT038,2FL_titer,I_GT_J,intermolecular self assembly|RIAD-RIDD + SpyCatcher-SpyTag|RIAD-RIDD + SpyCatcher-SpyTag|RIAD_RIDD,intermolecular self assembly|RIAD-RIDD + SpyCatcher-SpyTag|RIAD-RIDD + SpyCatcher-SpyTag|RIAD_RIDD,True,True,ARCHITECTURE_PRIOR_ELIGIBLE_NON_TIE
PAIR00356,SYS_TGT038,P1_in_vivo_shake_flask,P1_TGT038_EZJS01,P1_TGT038_EZJS06,-0.12285674778553347,-0.3200890952235811,0.19723234743804763,I_GT_J,UNCERTAINTY_NOT_REPORTED,false,STUDY_TGT038,2FL_titer,I_GT_J,intermolecular self assembly|RIAD-RIDD + SpyCatcher-SpyTag|RIAD-RIDD + SpyCatcher-SpyTag|RIAD_RIDD,intermolecular self assembly|RIAD-RIDD + SpyCatcher-SpyTag|RIAD-RIDD + SpyCatcher-SpyTag|RIAD_RIDD,True,True,ARCHITECTURE_PRIOR_ELIGIBLE_NON_TIE
PAIR00357,SYS_TGT038,P1_in_vivo_shake_flask,P1_TGT038_EZJS01,P1_TGT038_EZJS07,-0.12285674778553347,-0.17176634826647993,0.04890960048094646,I_GT_J,UNCERTAINTY_NOT_REPORTED,false,STUDY_TGT038,2FL_titer,I_GT_J,intermolecular self assembly|RIAD-RIDD + SpyCatcher-SpyTag|RIAD-RIDD + SpyCatcher-SpyTag|RIAD_RIDD,intermolecular self assembly|RIAD-RIDD + SpyCatcher-SpyTag|RIAD-RIDD + SpyCatcher-SpyTag|RIAD_RIDD,True,True,ARCHITECTURE_PRIOR_ELIGIBLE_NON_TIE
PAIR00358,SYS_TGT038,P1_in_vivo_shake_flask,P1_TGT038_EZJS01,P1_TGT038_EZJS08,-0.12285674778553347,-0.17176634826647993,0.04890960048094646,I_GT_J,UNCERTAINTY_NOT_REPORTED,false,STUDY_TGT038,2FL_titer,I_GT_J,intermolecular self assembly|RIAD-RIDD + SpyCatcher-SpyTag|RIAD-RIDD + SpyCatcher-SpyTag|RIAD_RIDD,intermolecular self assembly|RIAD-RIDD + SpyCatcher-SpyTag|RIAD-RIDD + SpyCatcher-SpyTag|RIAD_RIDD,True,True,ARCHITECTURE_PRIOR_ELIGIBLE_NON_TIE
PAIR00359,SYS_TGT038,P1_in_vivo_shake_flask,P1_TGT038_EZJS01,P1_TGT038_EZJS09,-0.12285674778553347,-0.011083499129016173,-0.1117732486565173,J_GT_I,UNCERTAINTY_NOT_REPORTED,false,STUDY_TGT038,2FL_titer,J_GT_I,intermolecular self assembly|RIAD-RIDD + SpyCatcher-SpyTag|RIAD-RIDD + SpyCatcher-SpyTag|RIAD_RIDD,intermolecular self assembly|RIAD-RIDD + SpyCatcher-SpyTag|RIAD-RIDD + SpyCatcher-SpyTag|RIAD_RIDD,True,True,ARCHITECTURE_PRIOR_ELIGIBLE_NON_TIE
PAIR00360,SYS_TGT038,P1_in_vivo_shake_flask,P1_TGT038_EZJS02,P1_TGT038_EZJS03,-0.7078192485066896,-0.8333501305905484,0.12553088208385876,I_GT_J,UNCERTAINTY_NOT_REPORTED,false,STUDY_TGT038,2FL_titer,I_GT_J,intermolecular self assembly|RIAD-RIDD + SpyCatcher-SpyTag|RIAD-RIDD + SpyCatcher-SpyTag|RIAD_RIDD,intermolecular self assembly|RIAD-RIDD + SpyCatcher-SpyTag|RIAD-RIDD + SpyCatcher-SpyTag|RIAD_RIDD,True,True,ARCHITECTURE_PRIOR_ELIGIBLE_NON_TIE
PAIR00361,SYS_TGT038,P1_in_vivo_shake_flask,P1_TGT038_EZJS02,P1_TGT038_EZJS06,-0.7078192485066896,-0.3200890952235811,-0.38773015328310856,J_GT_I,UNCERTAINTY_NOT_REPORTED,false,STUDY_TGT038,2FL_titer,J_GT_I,intermolecular self assembly|RIAD-RIDD + SpyCatcher-SpyTag|RIAD-RIDD + SpyCatcher-SpyTag|RIAD_RIDD,intermolecular self assembly|RIAD-RIDD + SpyCatcher-SpyTag|RIAD-RIDD + SpyCatcher-SpyTag|RIAD_RIDD,True,True,ARCHITECTURE_PRIOR_ELIGIBLE_NON_TIE
PAIR00362,SYS_TGT038,P1_in_vivo_shake_flask,P1_TGT038_EZJS02,P1_TGT038_EZJS07,-0.7078192485066896,-0.17176634826647993,-0.5360529002402097,J_GT_I,UNCERTAINTY_NOT_REPORTED,false,STUDY_TGT038,2FL_titer,J_GT_I,intermolecular self assembly|RIAD-RIDD + SpyCatcher-SpyTag|RIAD-RIDD + SpyCatcher-SpyTag|RIAD_RIDD,intermolecular self assembly|RIAD-RIDD + SpyCatcher-SpyTag|RIAD-RIDD + SpyCatcher-SpyTag|RIAD_RIDD,True,True,ARCHITECTURE_PRIOR_ELIGIBLE_NON_TIE
PAIR00363,SYS_TGT038,P1_in_vivo_shake_flask,P1_TGT038_EZJS02,P1_TGT038_EZJS08,-0.7078192485066896,-0.17176634826647993,-0.5360529002402097,J_GT_I,UNCERTAINTY_NOT_REPORTED,false,STUDY_TGT038,2FL_titer,J_GT_I,intermolecular self assembly|RIAD-RIDD + SpyCatcher-SpyTag|RIAD-RIDD + SpyCatcher-SpyTag|RIAD_RIDD,intermolecular self assembly|RIAD-RIDD + SpyCatcher-SpyTag|RIAD-RIDD + SpyCatcher-SpyTag|RIAD_RIDD,True,True,ARCHITECTURE_PRIOR_ELIGIBLE_NON_TIE
PAIR00364,SYS_TGT038,P1_in_vivo_shake_flask,P1_TGT038_EZJS02,P1_TGT038_EZJS09,-0.7078192485066896,-0.011083499129016173,-0.6967357493776735,J_GT_I,UNCERTAINTY_NOT_REPORTED,false,STUDY_TGT038,2FL_titer,J_GT_I,intermolecular self assembly|RIAD-RIDD + SpyCatcher-SpyTag|RIAD-RIDD + SpyCatcher-SpyTag|RIAD_RIDD,intermolecular self assembly|RIAD-RIDD + SpyCatcher-SpyTag|RIAD-RIDD + SpyCatcher-SpyTag|RIAD_RIDD,True,True,ARCHITECTURE_PRIOR_ELIGIBLE_NON_TIE
PAIR00365,SYS_TGT038,P1_in_vivo_shake_flask,P1_TGT038_EZJS03,P1_TGT038_EZJS06,-0.8333501305905484,-0.3200890952235811,-0.5132610353669673,J_GT_I,UNCERTAINTY_NOT_REPORTED,false,STUDY_TGT038,2FL_titer,J_GT_I,intermolecular self assembly|RIAD-RIDD + SpyCatcher-SpyTag|RIAD-RIDD + SpyCatcher-SpyTag|RIAD_RIDD,intermolecular self assembly|RIAD-RIDD + SpyCatcher-SpyTag|RIAD-RIDD + SpyCatcher-SpyTag|RIAD_RIDD,True,True,ARCHITECTURE_PRIOR_ELIGIBLE_NON_TIE
PAIR00366,SYS_TGT038,P1_in_vivo_shake_flask,P1_TGT038_EZJS03,P1_TGT038_EZJS07,-0.8333501305905484,-0.17176634826647993,-0.6615837823240684,J_GT_I,UNCERTAINTY_NOT_REPORTED,false,STUDY_TGT038,2FL_titer,J_GT_I,intermolecular self assembly|RIAD-RIDD + SpyCatcher-SpyTag|RIAD-RIDD + SpyCatcher-SpyTag|RIAD_RIDD,intermolecular self assembly|RIAD-RIDD + SpyCatcher-SpyTag|RIAD-RIDD + SpyCatcher-SpyTag|RIAD_RIDD,True,True,ARCHITECTURE_PRIOR_ELIGIBLE_NON_TIE
PAIR00367,SYS_TGT038,P1_in_vivo_shake_flask,P1_TGT038_EZJS03,P1_TGT038_EZJS08,-0.8333501305905484,-0.17176634826647993,-0.6615837823240684,J_GT_I,UNCERTAINTY_NOT_REPORTED,false,STUDY_TGT038,2FL_titer,J_GT_I,intermolecular self assembly|RIAD-RIDD + SpyCatcher-SpyTag|RIAD-RIDD + SpyCatcher-SpyTag|RIAD_RIDD,intermolecular self assembly|RIAD-RIDD + SpyCatcher-SpyTag|RIAD-RIDD + SpyCatcher-SpyTag|RIAD_RIDD,True,True,ARCHITECTURE_PRIOR_ELIGIBLE_NON_TIE
PAIR00368,SYS_TGT038,P1_in_vivo_shake_flask,P1_TGT038_EZJS03,P1_TGT038_EZJS09,-0.8333501305905484,-0.011083499129016173,-0.8222666314615322,J_GT_I,UNCERTAINTY_NOT_REPORTED,false,STUDY_TGT038,2FL_titer,J_GT_I,intermolecular self assembly|RIAD-RIDD + SpyCatcher-SpyTag|RIAD-RIDD + SpyCatcher-SpyTag|RIAD_RIDD,intermolecular self assembly|RIAD-RIDD + SpyCatcher-SpyTag|RIAD-RIDD + SpyCatcher-SpyTag|RIAD_RIDD,True,True,ARCHITECTURE_PRIOR_ELIGIBLE_NON_TIE
PAIR00369,SYS_TGT038,P1_in_vivo_shake_flask,P1_TGT038_EZJS06,P1_TGT038_EZJS07,-0.3200890952235811,-0.17176634826647993,-0.14832274695710115,J_GT_I,UNCERTAINTY_NOT_REPORTED,false,STUDY_TGT038,2FL_titer,J_GT_I,intermolecular self assembly|RIAD-RIDD + SpyCatcher-SpyTag|RIAD-RIDD + SpyCatcher-SpyTag|RIAD_RIDD,intermolecular self assembly|RIAD-RIDD + SpyCatcher-SpyTag|RIAD-RIDD + SpyCatcher-SpyTag|RIAD_RIDD,True,True,ARCHITECTURE_PRIOR_ELIGIBLE_NON_TIE
PAIR00370,SYS_TGT038,P1_in_vivo_shake_flask,P1_TGT038_EZJS06,P1_TGT038_EZJS08,-0.3200890952235811,-0.17176634826647993,-0.14832274695710115,J_GT_I,UNCERTAINTY_NOT_REPORTED,false,STUDY_TGT038,2FL_titer,J_GT_I,intermolecular self assembly|RIAD-RIDD + SpyCatcher-SpyTag|RIAD-RIDD + SpyCatcher-SpyTag|RIAD_RIDD,intermolecular self assembly|RIAD-RIDD + SpyCatcher-SpyTag|RIAD-RIDD + SpyCatcher-SpyTag|RIAD_RIDD,True,True,ARCHITECTURE_PRIOR_ELIGIBLE_NON_TIE
PAIR00371,SYS_TGT038,P1_in_vivo_shake_flask,P1_TGT038_EZJS06,P1_TGT038_EZJS09,-0.3200890952235811,-0.011083499129016173,-0.3090055960945649,J_GT_I,UNCERTAINTY_NOT_REPORTED,false,STUDY_TGT038,2FL_titer,J_GT_I,intermolecular self assembly|RIAD-RIDD + SpyCatcher-SpyTag|RIAD-RIDD + SpyCatcher-SpyTag|RIAD_RIDD,intermolecular self assembly|RIAD-RIDD + SpyCatcher-SpyTag|RIAD-RIDD + SpyCatcher-SpyTag|RIAD_RIDD,True,True,ARCHITECTURE_PRIOR_ELIGIBLE_NON_TIE
PAIR00373,SYS_TGT038,P1_in_vivo_shake_flask,P1_TGT038_EZJS07,P1_TGT038_EZJS09,-0.17176634826647993,-0.011083499129016173,-0.16068284913746375,J_GT_I,UNCERTAINTY_NOT_REPORTED,false,STUDY_TGT038,2FL_titer,J_GT_I,intermolecular self assembly|RIAD-RIDD + SpyCatcher-SpyTag|RIAD-RIDD + SpyCatcher-SpyTag|RIAD_RIDD,intermolecular self assembly|RIAD-RIDD + SpyCatcher-SpyTag|RIAD-RIDD + SpyCatcher-SpyTag|RIAD_RIDD,True,True,ARCHITECTURE_PRIOR_ELIGIBLE_NON_TIE
PAIR00374,SYS_TGT038,P1_in_vivo_shake_flask,P1_TGT038_EZJS08,P1_TGT038_EZJS09,-0.17176634826647993,-0.011083499129016173,-0.16068284913746375,J_GT_I,UNCERTAINTY_NOT_REPORTED,false,STUDY_TGT038,2FL_titer,J_GT_I,intermolecular self assembly|RIAD-RIDD + SpyCatcher-SpyTag|RIAD-RIDD + SpyCatcher-SpyTag|RIAD_RIDD,intermolecular self assembly|RIAD-RIDD + SpyCatcher-SpyTag|RIAD-RIDD + SpyCatcher-SpyTag|RIAD_RIDD,True,True,ARCHITECTURE_PRIOR_ELIGIBLE_NON_TIE
PAIR00375,SYS_TGT038,V2_in_vivo_shake_flask,P1_TGT038_EZJ06,P1_TGT038_EZJ12,0.7818198299504665,0.24392558288608937,0.5378942470643772,I_GT_J,UNCERTAINTY_NOT_REPORTED,false,STUDY_TGT038,2FL_titer,I_GT_J,intermolecular self assembly|RIAD-RIDD|RIAD-RIDD|RIAD_RIDD,intermolecular self assembly|RIAD-RIDD or SpyCatcher-SpyTag|RIAD-RIDD or SpyCatcher-SpyTag|OTHER_PROTEIN_RECRUITMENT,True,True,ARCHITECTURE_PRIOR_ELIGIBLE_NON_TIE
PAIR00376,SYS_EXT_FPPS_NES,ASSAY_EXT_CHEAH_NEROLIDOL_72H,EXT_FPPS_NES_COEXP_FREE,EXT_FPPS_NES_COEXP_VLP,0.0,3.4594316186372973,-3.4594316186372973,J_GT_I,TEXT_APPROXIMATE_FOLD;UNCERTAINTY_NOT_NUMERICALLY_REPORTED,false,STUDY_EXT_CHEAH2023,nerolidol titer at 72 h,i<j,none/none|NA|NA|OTHER_PROTEIN_RECRUITMENT,N/N|VP2C|VP2C|PROTEIN_CAGE,True,True,ARCHITECTURE_PRIOR_ELIGIBLE_NON_TIE
PAIR00377,SYS_EXT_FPPS_NES,ASSAY_EXT_CHEAH_NEROLIDOL_72H,EXT_FPPS_NES_COEXP_FREE,EXT_FPPS_NES_LINKED_VLP,0.0,4.906890595608519,-4.906890595608519,J_GT_I,TEXT_APPROXIMATE_FOLD;UNCERTAINTY_NOT_NUMERICALLY_REPORTED,false,STUDY_EXT_CHEAH2023,nerolidol titer at 72 h,i<j,none/none|NA|NA|OTHER_PROTEIN_RECRUITMENT,N/internal|VP2C|NA|PROTEIN_CAGE,True,True,ARCHITECTURE_PRIOR_ELIGIBLE_NON_TIE
PAIR00378,SYS_EXT_FPPS_NES,ASSAY_EXT_CHEAH_NEROLIDOL_72H,EXT_FPPS_NES_COEXP_FREE,EXT_FPPS_NES_LINKED_FREE,0.0,5.954196310386875,-5.954196310386875,J_GT_I,TEXT_APPROXIMATE_FOLD;UNCERTAINTY_NOT_NUMERICALLY_REPORTED,false,STUDY_EXT_CHEAH2023,nerolidol titer at 72 h,i<j,none/none|NA|NA|OTHER_PROTEIN_RECRUITMENT,internal|NA|NA|DIRECT_FUSION,True,True,ARCHITECTURE_PRIOR_ELIGIBLE_NON_TIE
PAIR00379,SYS_EXT_FPPS_NES,ASSAY_EXT_CHEAH_NEROLIDOL_72H,EXT_FPPS_NES_COEXP_VLP,EXT_FPPS_NES_LINKED_VLP,3.4594316186372973,4.906890595608519,-1.4474589769712214,J_GT_I,TEXT_APPROXIMATE_FOLD;UNCERTAINTY_NOT_NUMERICALLY_REPORTED,false,STUDY_EXT_CHEAH2023,nerolidol titer at 72 h,i<j,N/N|VP2C|VP2C|PROTEIN_CAGE,N/internal|VP2C|NA|PROTEIN_CAGE,True,True,ARCHITECTURE_PRIOR_ELIGIBLE_NON_TIE
PAIR00380,SYS_EXT_FPPS_NES,ASSAY_EXT_CHEAH_NEROLIDOL_72H,EXT_FPPS_NES_COEXP_VLP,EXT_FPPS_NES_LINKED_FREE,3.4594316186372973,5.954196310386875,-2.4947646917495776,J_GT_I,TEXT_APPROXIMATE_FOLD;UNCERTAINTY_NOT_NUMERICALLY_REPORTED,false,STUDY_EXT_CHEAH2023,nerolidol titer at 72 h,i<j,N/N|VP2C|VP2C|PROTEIN_CAGE,internal|NA|NA|DIRECT_FUSION,True,True,ARCHITECTURE_PRIOR_ELIGIBLE_NON_TIE
PAIR00381,SYS_EXT_FPPS_NES,ASSAY_EXT_CHEAH_NEROLIDOL_72H,EXT_FPPS_NES_LINKED_VLP,EXT_FPPS_NES_LINKED_FREE,4.906890595608519,5.954196310386875,-1.0473057147783562,J_GT_I,TEXT_APPROXIMATE_FOLD;UNCERTAINTY_NOT_NUMERICALLY_REPORTED,false,STUDY_EXT_CHEAH2023,nerolidol titer at 72 h,i<j,N/internal|VP2C|NA|PROTEIN_CAGE,internal|NA|NA|DIRECT_FUSION,True,True,ARCHITECTURE_PRIOR_ELIGIBLE_NON_TIE
